"Gene","p_val","avg_log2FC","pct.1","pct.2","p_val_adj"
"HK3",4.3905875821881e-213,7.18495521051557,0.405,0.004,9.97058534039095e-209
"AQP9",5.45978277696917e-135,6.41147042635158,0.266,0.004,1.23986207082193e-130
"APOBEC3A",5.39540348992473e-157,6.17518689400285,0.332,0.007,1.22524217852701e-152
"LILRA3",4.48707562000746e-124,5.77161092868618,0.28,0.008,1.01897000254749e-119
"RP11-290F20.3",2.63165688010232e-240,5.62699215155593,0.526,0.016,5.97622960902435e-236
"CD300E",3.84392719685405e-193,5.33206264050104,0.451,0.017,8.72917427133587e-189
"S100A9",2.24160020694827e-162,5.29592177801776,0.352,0.009,5.09044990995882e-158
"ZNF703",6.00656318532504e-147,5.23324576327566,0.332,0.01,1.36403043375546e-142
"CFD",1.64961577462474e-207,5.10587301999672,0.51,0.023,3.74611246259533e-203
"LILRA1",4.32226859867666e-128,5.10425163992159,0.316,0.013,9.81543976073483e-124
"S100A8",1.07836958974431e-120,5.09879857511731,0.289,0.011,2.44886950135036e-116
"LILRB2",8.79436849597419e-322,5.01729583835629,0.796,0.046,1.99711314175078e-317
"MS4A4A",2.39361839208972e-215,4.98617794305629,0.546,0.028,5.43566800659655e-211
"FCN1",3.19812904671394e-226,4.96598485065494,0.579,0.031,7.26263125218268e-222
"SLC11A1",1.27678454324134e-213,4.95826348467172,0.52,0.022,2.89945001924677e-209
"LILRB3",1.40380409509032e-114,4.87582446704887,0.289,0.013,3.18789871954061e-110
"CD36",5.87564819623637e-105,4.83705726811893,0.28,0.014,1.33430094888332e-100
"SASH1",1.62892419265847e-120,4.76375040391216,0.293,0.011,3.69912394910812e-116
"C1QC",7.65890235882868e-183,4.7161118008601,0.507,0.032,1.73926013666641e-178
"PTGIR",1.14438636300506e-101,4.67316060312195,0.26,0.011,2.59878699174819e-97
"SIGLEC1",5.24428682804704e-175,4.67015866592551,0.461,0.024,1.1909250957812e-170
"C2",6.14918157373215e-107,4.65123006520106,0.289,0.015,1.39641764357883e-102
"C5AR1",2.96439387504748e-323,4.63655551847111,0.849,0.06,6.73184205084532e-319
"LRRC25",9.72813550461351e-282,4.62097674754574,0.763,0.055,2.20916229174268e-277
"MAFB",0,4.61594303873822,0.961,0.066,0
"TLR4",2.49703736126488e-162,4.58989009017234,0.447,0.027,5.67052214369641e-158
"SECTM1",2.97193082679299e-238,4.56325622450264,0.641,0.04,6.74895771456421e-234
"CD14",6.94344229715697e-241,4.5477806619575,0.664,0.046,1.57678631126138e-236
"C19orf38",2.60080526272382e-95,4.52872470054619,0.299,0.023,5.90616867111952e-91
"PILRA",3.50804686830702e-226,4.49462560568758,0.628,0.043,7.9664236332384e-222
"DMXL2",6.49946903250238e-250,4.45954082515477,0.684,0.045,1.47596442259096e-245
"PLAUR",3.1543121320762e-201,4.41612427306967,0.576,0.041,7.16312742073185e-197
"CSTA",2.23114275662417e-125,4.3480308782772,0.368,0.024,5.06670208601782e-121
"CD68",2.39209675182438e-296,4.31445190280552,0.839,0.07,5.43221251371798e-292
"LRP1",4.37177387887679e-164,4.29720099905431,0.48,0.034,9.92786130154129e-160
"NFAM1",8.94734545252258e-106,4.27514651180408,0.322,0.023,2.03185267881335e-101
"EMR2",1.8346686974382e-231,4.26854338675227,0.658,0.047,4.16634914501241e-227
"STAB1",5.46214410470403e-82,4.21931424291263,0.27,0.022,1.24039830473724e-77
"ADAP2",2.03734410347248e-234,4.13293440370771,0.73,0.07,4.62660472457565e-230
"OSCAR",2.2199673824614e-75,4.09497697124706,0.25,0.021,5.04132392883158e-71
"FPR1",2.71691924936366e-116,4.07331977570109,0.365,0.028,6.16985192337993e-112
"MS4A7",1.11670672735458e-313,4.05947459569009,0.97,0.12,2.53592930714952e-309
"TCF7L2",6.77742979875002e-198,4.03056162822189,0.664,0.071,1.53908653299814e-193
"SERPING1",3.45004468806677e-89,4.01417740308754,0.296,0.024,7.83470648213082e-85
"CFP",6.01351466602538e-138,3.97736411273423,0.454,0.039,1.3656090455077e-133
"SPI1",1.18674655791607e-190,3.97107452882665,0.632,0.062,2.69498275837161e-186
"NCF2",6.68898903587258e-187,3.96733005331434,0.605,0.056,1.5190025201563e-182
"AIF1",1.81410450204195e-301,3.92297738892777,0.951,0.115,4.11964991368707e-297
"C1QA",1.77345547498624e-175,3.88454249894192,0.658,0.088,4.02734003814625e-171
"TNFAIP2",1.93491608528648e-184,3.87178573623681,0.609,0.057,4.39400093807706e-180
"PAPSS2",5.99370533831094e-78,3.85784441777853,0.266,0.023,1.36111054527703e-73
"C1QB",5.07218870077794e-166,3.84474509827035,0.635,0.086,1.15184333205966e-161
"MYOF",7.00823470535228e-100,3.80554059674428,0.349,0.032,1.59150001923845e-95
"PPM1N",3.12829139545608e-74,3.80284196657011,0.27,0.026,7.1040369299412e-70
"CSF1R",1.48767328789975e-254,3.79364976703217,0.78,0.067,3.37835726949154e-250
"MSR1",2.42773276836829e-143,3.77860513808749,0.503,0.051,5.51313834368756e-139
"FMNL2",1.2532297551109e-129,3.77619360609677,0.454,0.044,2.84595945088134e-125
"KCNE3",1.57517453845187e-79,3.77364523060416,0.286,0.027,3.57706385937036e-75
"CDKN1C",3.43105093921552e-91,3.76784840539587,0.411,0.062,7.79157357786453e-87
"FPR3",1.23760141881333e-86,3.68591501201501,0.329,0.035,2.81046906198319e-82
"IGSF6",1.48301280782106e-162,3.67885575356821,0.572,0.058,3.36777378528086e-158
"CLEC7A",5.84658410015491e-197,3.63044830178698,0.674,0.069,1.32770078330418e-192
"LST1",1.0910830777632e-230,3.60788294809065,0.875,0.139,2.47774056129245e-226
"RIN2",7.46646649015534e-121,3.59355793983242,0.428,0.041,1.69555987524938e-116
"CLEC12A",2.43602962950981e-95,3.57591071407585,0.378,0.044,5.53197968565382e-91
"HCK",8.97461835323427e-237,3.57411633133421,0.839,0.106,2.03804608183597e-232
"SIRPA",2.34974176892362e-92,3.56434273180504,0.368,0.043,5.33602858304866e-88
"SERPINA1",1.47642047922368e-219,3.55502861862242,0.826,0.121,3.35280326626906e-215
"SLC31A2",5.31593191169017e-163,3.54567430698343,0.605,0.07,1.20719497782572e-158
"CTSL",1.0416274922799e-129,3.54053584386655,0.497,0.057,2.36543187221842e-125
"EMILIN2",2.7734621357486e-117,3.5031772430206,0.461,0.054,6.29825516407149e-113
"SLC8A1",4.02411181631051e-135,3.46062989425377,0.52,0.06,9.13835552365953e-131
"RNF144B",8.97806463069347e-102,3.45324864398565,0.434,0.058,2.03882869698418e-97
"TAGLN",6.06012442396708e-67,3.45073821007169,0.27,0.03,1.37619365543868e-62
"KLF4",1.54781968754966e-143,3.42311270630652,0.556,0.066,3.51494372845652e-139
"TLR2",4.80782556141926e-150,3.40790056095731,0.562,0.062,1.0918091067427e-145
"SIRPB1",3.32385481835013e-59,3.38211824241896,0.25,0.03,7.54814190699131e-55
"CAMK1",7.37576321225188e-93,3.38190238309224,0.418,0.06,1.67496206787028e-88
"MCTP1",7.62506415547869e-88,3.37335661330167,0.355,0.041,1.73157581906765e-83
"CEBPA",5.94537120101895e-99,3.34860495582072,0.421,0.054,1.35013434603939e-94
"BEST1",1.8827141350422e-97,3.34502086913564,0.411,0.052,4.27545552926734e-93
"IRAK3",1.52189433544113e-120,3.33845022464947,0.487,0.059,3.45606984635325e-116
"HMOX1",2.91941933920991e-167,3.33819923530337,0.678,0.094,6.62970937741179e-163
"RRAS",2.84148542418604e-128,3.33256901619897,0.53,0.069,6.45272924978408e-124
"ITSN1",2.60964498944741e-88,3.31983694665223,0.385,0.051,5.92624280653611e-84
"CD163",6.40489922897204e-102,3.31732404980245,0.451,0.064,1.45448856590726e-97
"VSIG4",2.00580632738415e-64,3.31243023773287,0.273,0.033,4.55498558885666e-60
"ZNF385A",4.00821219836338e-90,3.30642769650341,0.385,0.049,9.10224908126339e-86
"SLCO2B1",5.6616240379889e-70,3.28327202413592,0.296,0.036,1.2856982027869e-65
"CXCL16",4.57370946494575e-171,3.27386904646134,0.681,0.09,1.03864368239453e-166
"PDK4",1.97713886586495e-105,3.26968316266883,0.405,0.043,4.48988465049271e-101
"PLXNB2",2.27029283949174e-117,3.23936861265194,0.526,0.077,5.15560800920178e-113
"SLC2A6",5.11095214622747e-70,3.23351304303359,0.355,0.058,1.1606461228868e-65
"ARHGEF11",1.86289699898969e-63,3.22973715197983,0.263,0.03,4.23045279500569e-59
"SLC15A3",3.98681410048648e-97,3.20517953076296,0.434,0.06,9.05365614079474e-93
"LPCAT2",8.26272866420298e-99,3.18723989925695,0.418,0.052,1.87638305235385e-94
"LILRB4",2.98655363748781e-83,3.17307612095531,0.382,0.054,6.78216465537108e-79
"TIMP2",3.87835617585082e-142,3.15011050952961,0.635,0.101,8.80735903973963e-138
"CYBB",9.72006175042036e-235,3.12179740705056,0.954,0.171,2.20732882290296e-230
"IL1B",7.23161371380913e-49,3.11784160482923,0.263,0.044,1.64222715826892e-44
"LACC1",3.33696974787646e-55,3.1169001126829,0.257,0.035,7.57792460045265e-51
"SPRED1",8.52647456904132e-65,3.08748232016906,0.289,0.037,1.93627710988359e-60
"C3AR1",1.76562641339779e-125,3.07670270194696,0.582,0.093,4.00956102218505e-121
"CPVL",4.00646330435377e-98,3.06153176165614,0.441,0.06,9.09827751785697e-94
"LTBR",2.44084468109083e-69,3.02367041645947,0.349,0.054,5.54291418628917e-65
"LHFPL2",1.63370079896485e-49,3.00681661158847,0.25,0.038,3.70997114436929e-45
"SLC43A2",2.37877210423673e-88,2.98521524665717,0.421,0.062,5.40195357151119e-84
"TGFBI",8.18711937063064e-136,2.98194401929797,0.625,0.095,1.85921293787651e-131
"MPEG1",1.81523757254801e-152,2.97910624703128,0.678,0.102,4.12222300349928e-148
"NLN",8.61405912976183e-51,2.97848830737569,0.25,0.036,1.95616668777761e-46
"DRAM1",3.77482676757547e-57,2.96794280110033,0.289,0.044,8.57225410648713e-53
"TTYH3",2.0257827219739e-128,2.96140878822572,0.641,0.12,4.60034998333053e-124
"JDP2",4.3336529627159e-44,2.95769982334136,0.25,0.044,9.84129251303154e-40
"RGL1",4.61377475136232e-56,2.94931857380665,0.293,0.047,1.04774210828687e-51
"LYZ",1.61568975206525e-169,2.93545607058505,0.766,0.122,3.66906985796498e-165
"BLVRB",2.63931608873047e-70,2.9098790328022,0.395,0.073,5.99362290589802e-66
"ALDH3B1",2.89736828595193e-80,2.90675185917839,0.385,0.056,6.57963364056823e-76
"RP11-1143G9.4",3.25432474744609e-76,2.88936686529352,0.365,0.052,7.39024606897532e-72
"CHST15",1.01662913144807e-62,2.88804958405539,0.359,0.065,2.30866309460543e-58
"FCGR2A",3.0270971879819e-91,2.88679788260595,0.431,0.062,6.87423500418809e-87
"LGMN",1.74955385344182e-53,2.88653279517509,0.345,0.073,3.97306184578104e-49
"HNMT",1.20000684603602e-69,2.87862724029311,0.355,0.056,2.72509554666319e-65
"MARCKS",1.02476984833364e-177,2.87507037919019,0.852,0.179,2.32714984858086e-173
"SLC7A7",5.48472103661241e-139,2.87332127698747,0.651,0.102,1.24552530020431e-134
"EPB41L3",2.65144819933686e-106,2.86482358081226,0.516,0.081,6.02117371587407e-102
"CEBPB",2.35103423223118e-159,2.82727035157414,0.826,0.208,5.33896363797378e-155
"LMO2",3.93709751332284e-93,2.82298494675775,0.48,0.079,8.94075474300483e-89
"ETS2",2.90578446926085e-102,2.80145778695851,0.546,0.099,6.59874595124446e-98
"NPL",1.87689637658312e-63,2.78990787537755,0.326,0.05,4.2622439815826e-59
"NAMPT",5.63202260723156e-121,2.75660050781526,0.697,0.169,1.27897601387621e-116
"CSF3R",1.8665713313014e-54,2.75081490657806,0.293,0.047,4.23879683625235e-50
"CD86",3.13953778204928e-104,2.74957909216058,0.566,0.106,7.1295763492557e-100
"CST3",6.90441822029639e-208,2.73627247917609,0.984,0.228,1.56792433364711e-203
"SULT1A1",1.33250676518331e-50,2.73624837441917,0.303,0.057,3.02598961305478e-46
"IFI30",1.63723649192956e-194,2.70205984772869,0.984,0.339,3.71800034952283e-190
"RHOB",6.49434615793215e-115,2.69431481346043,0.658,0.142,1.47480106900481e-110
"CPPED1",3.37079789747642e-58,2.69355425505487,0.368,0.075,7.6547449453792e-54
"SIGLEC10",4.41041428302001e-72,2.693294195187,0.464,0.105,1.00156097953101e-67
"MS4A6A",1.15147144167455e-80,2.68954192125275,0.454,0.083,2.61487649689873e-76
"ARRB1",4.00060741686461e-88,2.67690396750732,0.52,0.103,9.08497938295785e-84
"P2RY13",3.65306343649476e-75,2.6760329108197,0.388,0.06,8.29574175793595e-71
"SIDT2",1.82184260732096e-86,2.6487132082746,0.533,0.116,4.13722237696517e-82
"CD302",1.22819169360492e-50,2.64308599570585,0.332,0.069,2.78910051700741e-46
"FCGRT",7.09172649891031e-91,2.63030140478965,0.582,0.139,1.61046017063754e-86
"SLC43A3",4.88376563494661e-56,2.62957754813597,0.362,0.075,1.10905433804003e-51
"RAB31",2.71888024697113e-127,2.62916938454569,0.678,0.127,6.17430515284674e-123
"LILRB1",1.70613814071986e-80,2.61659576039612,0.513,0.114,3.87446910376073e-76
"SORT1",2.15436824246945e-52,2.61598653564289,0.319,0.06,4.89235484182388e-48
"ABCA1",1.10138497537664e-54,2.60478333510404,0.342,0.067,2.5011351405828e-50
"P2RX7",7.47346114925158e-53,2.6021234890875,0.368,0.084,1.69714829238354e-48
"EPS8",2.70340554112177e-52,2.59366991227195,0.296,0.051,6.13916364333342e-48
"MPP1",9.8343699834962e-58,2.58545067187323,0.385,0.084,2.23328707955215e-53
"FGD4",3.15394495041113e-72,2.57704809473735,0.441,0.087,7.16229358788863e-68
"MGLL",2.12889679102389e-54,2.57654633964146,0.336,0.065,4.83451172273615e-50
"ZFHX3",3.0818397284456e-80,2.57453167504751,0.48,0.094,6.99854983932712e-76
"GNB4",2.01240946509333e-51,2.562964413205,0.312,0.058,4.56998065428045e-47
"PTAFR",2.64076073312532e-40,2.55526175733054,0.26,0.051,5.99690354885428e-36
"CREG1",1.89884408301956e-52,2.5543501569101,0.382,0.092,4.31208502812912e-48
"RNF130",2.96173422084861e-110,2.52996555154057,0.664,0.154,6.72580224212512e-106
"FAM26F",3.33209173188429e-63,2.52475267503716,0.438,0.101,7.56684711393604e-59
"BCAT1",6.0707468459486e-44,2.51033655545399,0.276,0.053,1.37860590124647e-39
"GAB2",7.02451853347477e-41,2.48182832891853,0.263,0.052,1.59519791376678e-36
"KCTD12",4.52895361711772e-116,2.46481082482712,0.664,0.13,1.02848007691126e-111
"RXRA",1.51221107870236e-100,2.449897310355,0.661,0.166,3.43408013862518e-96
"CPM",1.47891449060769e-57,2.4386383011342,0.408,0.094,3.35846691672101e-53
"TIMP1",3.06775669305381e-123,2.4365528726418,0.803,0.245,6.9665686742559e-119
"BLVRA",2.76487625288802e-55,2.42386883010421,0.398,0.092,6.27875748268341e-51
"FCER1G",3.31997461748618e-177,2.42343705752192,0.961,0.302,7.53933035884936e-173
"BCL2A1",5.05606356196622e-49,2.40378136901668,0.431,0.132,1.14818147428691e-44
"EVI5",3.20994578981571e-54,2.40374431832742,0.398,0.094,7.2894658940925e-50
"ACP2",3.36790410834537e-36,2.40181911263725,0.27,0.061,7.64817343964149e-32
"DUSP6",2.47135857251969e-147,2.38389829476986,0.888,0.282,5.61220818233497e-143
"KIAA1598",9.92468839118634e-44,2.37491420661182,0.309,0.067,2.25379748675451e-39
"ADRBK2",6.19518471844485e-81,2.37086054499544,0.559,0.134,1.40686449771164e-76
"STXBP2",3.21553034066445e-44,2.35385049773106,0.391,0.113,7.30214785061491e-40
"CNTLN",1.09679649539846e-42,2.35139538910958,0.316,0.073,2.49071516140036e-38
"DOK3",1.70642316544903e-88,2.34986570557845,0.599,0.139,3.8751163664182e-84
"CDKN1A",3.54973079460603e-54,2.33224660230405,0.438,0.116,8.06108366147083e-50
"TNFSF13B",4.07322862950563e-86,2.31820664419014,0.595,0.142,9.24989489474434e-82
"TYROBP",5.25351455113468e-194,2.31777979354987,0.99,0.324,1.19302061941717e-189
"DOCK5",2.09697990614645e-48,2.31771197024484,0.388,0.099,4.76203166886797e-44
"GAA",6.31755721403183e-48,2.30749418722417,0.355,0.082,1.43465406773449e-43
"FGD2",9.79302485555101e-83,2.30738784707937,0.589,0.144,2.22389801444708e-78
"IFNGR2",1.89000435563845e-110,2.30230798690978,0.737,0.192,4.29201089121935e-106
"BID",5.80762372799524e-66,2.30096563318306,0.536,0.154,1.31885327239044e-61
"WARS",5.26985214844915e-74,2.29694564229801,0.622,0.214,1.19673072439132e-69
"RGS12",2.51315973570611e-34,2.26037655111416,0.283,0.071,5.70713444381501e-30
"TYMP",1.50559165337731e-98,2.25137489862029,0.727,0.221,3.41904808565453e-94
"NPC2",9.28279265148163e-114,2.23845678764847,0.793,0.24,2.10802938322496e-109
"DENND5A",2.46327463517728e-31,2.23541671230753,0.25,0.06,5.59385036902408e-27
"IFITM3",7.25338941724563e-161,2.23310738347925,0.967,0.429,1.64717220276231e-156
"PLXDC2",9.2052880513214e-73,2.22472016208585,0.487,0.1,2.09042886357458e-68
"SCARB2",2.7870596387853e-70,2.22159742398558,0.559,0.157,6.32913373371754e-66
"CYFIP1",2.77524857072544e-53,2.21113870007662,0.434,0.114,6.3023119792604e-49
"CCDC88A",1.81878631199108e-121,2.2082777888208,0.809,0.224,4.13028183590055e-117
"FGL2",2.07498690557188e-115,2.19950989965817,0.816,0.269,4.71208776386318e-111
"UNC93B1",2.4813417280278e-55,2.19696969481843,0.444,0.113,5.63487893017832e-51
"BRI3",8.96504527967553e-107,2.19464264213535,0.77,0.241,2.03587213256152e-102
"CMKLR1",2.57799408207259e-31,2.19041311314844,0.283,0.077,5.85436676097864e-27
"ANPEP",5.89982996341829e-70,2.188659759003,0.408,0.069,1.33979238639266e-65
"MNDA",6.5663968897568e-63,2.18180001104364,0.47,0.111,1.49116306969487e-58
"CD83",1.09703925731677e-56,2.17084781467708,0.464,0.124,2.49126644944065e-52
"GRN",3.3886289306962e-122,2.1696735305246,0.865,0.319,7.69523743871799e-118
"CEBPD",1.96433205233214e-71,2.16140814846007,0.569,0.153,4.46080165764106e-67
"GNS",1.8465876535775e-101,2.15715371343669,0.76,0.251,4.19341590250914e-97
"PRKACA",2.43961469407618e-70,2.15540815114204,0.595,0.183,5.5401210087776e-66
"SCIMP",6.77828392034671e-67,2.15171296494707,0.52,0.13,1.53928049547153e-62
"SLC16A3",1.5365327977712e-40,2.15008406620294,0.388,0.115,3.48931233045862e-36
"NAGA",2.08381531688873e-45,2.14161270545128,0.391,0.105,4.73213620312262e-41
"KDM1B",1.67291368047206e-34,2.1373312445552,0.306,0.081,3.79901967698401e-30
"LY96",1.9165870774713e-32,2.13081459554772,0.296,0.08,4.35237759422957e-28
"NR4A1",2.13670667748102e-52,2.1162398709256,0.477,0.145,4.85224719389164e-48
"YBX3",2.74701741629149e-56,2.11396885009767,0.461,0.119,6.23820185065634e-52
"SOX4",8.51006532772766e-39,2.10966207589894,0.329,0.084,1.93255073527368e-34
"ARAP1",1.64236308623247e-51,2.10245152630687,0.474,0.144,3.72964233252531e-47
"NFKBIZ",3.00091286595675e-93,2.10005241517183,0.76,0.274,6.81477302730118e-89
"LYN",1.52330838973243e-129,2.09292719318234,0.895,0.335,3.45928102224338e-125
"TMEM176B",3.44099096252265e-34,2.0737748697795,0.296,0.077,7.81414637679269e-30
"SBF2",9.60506951098829e-42,2.06779799036506,0.372,0.099,2.18121523525033e-37
"BTK",1.42605869983816e-45,2.05231664531723,0.424,0.123,3.23843670146247e-41
"MTSS1",1.34973892338249e-77,2.04888293585089,0.671,0.225,3.06512212110931e-73
"C1orf162",2.33167403317269e-96,2.04126238415197,0.776,0.266,5.29499856193186e-92
"ENG",9.11936069787745e-28,2.0361212384682,0.266,0.075,2.07091562088099e-23
"IER3",1.60889274704003e-25,2.03007023362261,0.273,0.084,3.6536345392532e-21
"LGALS3BP",4.82522034370559e-36,2.01495616789135,0.391,0.132,1.0957592878521e-31
"C9orf72",2.81993156618335e-28,2.01458784368675,0.257,0.068,6.40378259364576e-24
"RBM47",3.37723390085888e-62,2.00932566192484,0.51,0.131,7.66936046546043e-58
"GSN",2.47923553013358e-39,2.00598270246934,0.418,0.142,5.63009596538034e-35
"LGALS3",5.66813048611076e-56,2.00448488074592,0.559,0.189,1.28717575209089e-51
"RASGEF1B",6.49097958377082e-37,1.99813439032281,0.368,0.111,1.47403655367852e-32
"CTSB",3.00639745022487e-116,1.99592772757067,0.895,0.373,6.82722796971567e-112
"JUP",3.36592572850335e-39,1.99429665962497,0.329,0.082,7.64368073685825e-35
"CCR1",2.3895309034088e-54,1.98169315003395,0.533,0.173,5.42638572855104e-50
"NINJ1",1.60036952424476e-34,1.97872795566506,0.355,0.109,3.63427915260742e-30
"TLR1",1.03846811038134e-38,1.97686222631678,0.382,0.114,2.35825723186499e-34
"RASSF4",2.18745286298776e-52,1.97074131468834,0.487,0.141,4.9674867065589e-48
"KIAA0930",4.25847498219524e-61,1.96937351628149,0.586,0.191,9.67057083706717e-57
"BCL6",3.0665373951819e-49,1.96609403073137,0.464,0.137,6.96379977071859e-45
"PAK1",2.09491273292662e-48,1.96074816951044,0.464,0.138,4.75733732520306e-44
"ACSL1",2.52467406543536e-38,1.95558795252963,0.388,0.118,5.73328233519717e-34
"GRINA",2.68980392650487e-58,1.9537933708364,0.579,0.203,6.1082757366999e-54
"ITGAX",6.6961717956522e-75,1.95218397498761,0.664,0.215,1.52063365307466e-70
"TBXAS1",4.21729799666939e-44,1.93601648180211,0.451,0.143,9.57706202063652e-40
"KYNU",1.25375279671225e-32,1.93281250408179,0.296,0.078,2.84714722605385e-28
"HEATR3",2.15779944760931e-27,1.92225951031058,0.26,0.07,4.90014676557598e-23
"FCGR3A",3.81050787500521e-107,1.91174539910932,0.859,0.3,8.65328233334934e-103
"GAS7",2.08751260914398e-38,1.9116696724985,0.391,0.118,4.74053238410506e-34
"LRRK2",9.98798198379991e-31,1.91084542207444,0.319,0.096,2.26817082870112e-26
"MFSD1",3.65044336978581e-53,1.90360848564844,0.543,0.187,8.2897918484466e-49
"LACTB",1.14060794784237e-31,1.89506849094988,0.359,0.116,2.59020658875524e-27
"C15orf39",4.49659349820517e-27,1.89318285007917,0.322,0.109,1.02113141750741e-22
"FAM49A",2.50308444538203e-46,1.89151732110466,0.5,0.171,5.68425446701804e-42
"VASP",3.51624919440079e-76,1.88966907411706,0.73,0.301,7.98505029556475e-72
"IFI27",3.44862684962583e-33,1.88888246143435,0.421,0.167,7.8314867128153e-29
"OAZ2",1.6916061464127e-51,1.87469030790995,0.559,0.203,3.84146839788859e-47
"RNASE6",4.71794733167498e-27,1.87189633557008,0.326,0.114,1.07139865955007e-22
"ZSWIM6",5.27470164410588e-32,1.86856685613569,0.345,0.108,1.19783199636e-27
"PPM1F",1.19014989026331e-25,1.86492892150835,0.306,0.102,2.70271138579894e-21
"GLUL",5.53481029825212e-75,1.86188188769745,0.727,0.281,1.25690007063007e-70
"FNIP2",5.90901355243741e-47,1.86095131523962,0.49,0.158,1.34187788762301e-42
"RGS2",1.07849370033141e-61,1.83972690851865,0.648,0.247,2.4491513440826e-57
"ASAH1",2.7664759854597e-73,1.8298533666058,0.717,0.289,6.28239031538044e-69
"CTSS",2.23277824825054e-150,1.82791848811024,0.977,0.555,5.07041612395215e-146
"CORO1C",4.21097530854304e-19,1.8116442919598,0.263,0.098,9.56270382817038e-15
"NAGK",1.49297268831591e-83,1.8114557328321,0.783,0.311,3.3903916778966e-79
"MARCH1",2.45328988607128e-80,1.81140920943494,0.724,0.214,5.57117600227928e-76
"EHBP1L1",3.1263747539356e-22,1.80854491214411,0.283,0.099,7.09968442871236e-18
"METRNL",1.53953607065e-43,1.80838296368219,0.487,0.166,3.49613246283908e-39
"SCPEP1",5.08097619233837e-28,1.80642624227581,0.276,0.077,1.15383888351812e-23
"HSPA1B",9.07458324602802e-22,1.79884188048842,0.283,0.1,2.0607471093405e-17
"LAIR1",3.36004468705958e-46,1.79440801570549,0.51,0.172,7.63032547984359e-42
"LIPA",2.81879776844692e-41,1.79396903473726,0.559,0.262,6.40120785236612e-37
"P2RX4",5.55104037439322e-26,1.7935888356645,0.336,0.12,1.26058575862096e-21
"PLAGL2",9.1476794084452e-19,1.78922136591469,0.27,0.104,2.07734651686382e-14
"HSPA1A",7.18250646485965e-59,1.78829664445485,0.671,0.28,1.63107539310498e-54
"ATP6V0A1",2.74829702902355e-19,1.77951488956443,0.253,0.089,6.24110772320958e-15
"CTNND1",9.43897364301902e-32,1.76030845492425,0.352,0.11,2.14349652459319e-27
"TKT",1.30659252686141e-65,1.76009959007306,0.701,0.292,2.96714096924957e-61
"LFNG",1.26430285649053e-27,1.75881931530286,0.391,0.16,2.87110535680433e-23
"ITPRIPL2",2.78441717882037e-33,1.75226965044873,0.391,0.131,6.32313297138317e-29
"BACH1",9.36261371740008e-36,1.75195594345974,0.444,0.16,2.12615594908438e-31
"PLOD3",1.07958660923862e-20,1.74465509413254,0.263,0.09,2.45163323091998e-16
"COLGALT1",2.52030804019973e-32,1.73924952288609,0.385,0.128,5.72336752848957e-28
"RELT",5.68906570415517e-26,1.73614394279754,0.299,0.096,1.2919299307566e-21
"PLEKHO2",7.3342023802835e-33,1.7312392319585,0.418,0.153,1.66552401853858e-28
"KIAA0513",5.85300979110696e-25,1.73117379515129,0.293,0.094,1.32915999346248e-20
"GPR137B",1.39071826982064e-22,1.72038808392408,0.27,0.087,3.1581821189357e-18
"DAB2",6.51764614661305e-31,1.71158912356411,0.414,0.158,1.48009226343436e-26
"SOD2",1.27686366155153e-52,1.70166879266265,0.671,0.315,2.89962968901737e-48
"SGK1",2.85333581563151e-32,1.70071242886123,0.342,0.101,6.47964030371759e-28
"AMPD2",8.46646758732432e-22,1.69773825419808,0.326,0.129,1.92265012440548e-17
"THEMIS2",5.94643336174674e-54,1.68750081902528,0.625,0.248,1.35037555211907e-49
"EHD4",1.86273327278168e-20,1.68560108382803,0.257,0.086,4.23008098915992e-16
"UNC119",3.35103242166433e-18,1.67899527419533,0.283,0.113,7.60985952635753e-14
"HLA-DRB5",1.34639601070628e-51,1.67762987711401,0.615,0.233,3.05753070071288e-47
"TRIB1",4.05936379485948e-22,1.66679980356409,0.289,0.101,9.21840924174638e-18
"HSBP1",3.41826998604019e-40,1.65957578981267,0.546,0.229,7.76254931129866e-36
"PSAP",1.83083961705386e-163,1.6593053026996,0.997,0.696,4.1576536863676e-159
"CSF2RB",1.19790502806125e-25,1.64615185086664,0.299,0.094,2.7203225282243e-21
"LY86",1.47783361409047e-25,1.6452206520213,0.316,0.105,3.35601235423806e-21
"PYCARD",1.40777221919634e-49,1.64190848476532,0.615,0.261,3.19690993257297e-45
"RALB",7.14538930164424e-27,1.6392563515493,0.362,0.131,1.62264645651039e-22
"PIK3AP1",8.37338330568677e-55,1.6326015143356,0.655,0.264,1.90151161488841e-50
"POU2F2",1.00464359879512e-98,1.62934292806765,0.914,0.456,2.28144514850384e-94
"GIMAP8",1.73313936660114e-31,1.62850802935052,0.454,0.182,3.93578618761453e-27
"COTL1",5.27057360731621e-96,1.62768439473148,0.888,0.493,1.19689456048544e-91
"APLP2",7.45770225649354e-68,1.62637751753608,0.747,0.333,1.69356960542712e-63
"DSE",1.03641960946642e-23,1.62632422829791,0.296,0.098,2.35360529113728e-19
"IFNGR1",4.62249122761588e-46,1.61732925662188,0.579,0.217,1.04972153287929e-41
"AP1S2",2.87406671186849e-53,1.61047645174665,0.674,0.285,6.52671809598215e-49
"LYL1",3.02608887461283e-24,1.60948412620002,0.329,0.117,6.87194522535828e-20
"PRKCD",1.9526023179037e-54,1.60876681888596,0.658,0.265,4.43416460372752e-50
"SLC39A1",5.02114294223407e-21,1.59960676889401,0.306,0.114,1.14025135075193e-16
"LINC00936",2.59577690035983e-31,1.5985038555912,0.474,0.205,5.89474976302713e-27
"S100A11",2.19907239572233e-122,1.59395424606067,0.944,0.558,4.99387350344584e-118
"SDCBP",1.64610749661898e-66,1.59352179885785,0.757,0.341,3.73814551407204e-62
"CUX1",9.38631411975905e-49,1.58986529492629,0.635,0.271,2.13153807345608e-44
"SNX9",9.66134547796727e-34,1.58281522900724,0.438,0.155,2.19399494459159e-29
"CAMKK2",5.73422980811211e-22,1.58276080652651,0.332,0.129,1.30218624712418e-17
"PLIN3",6.19252868581256e-31,1.58216738588279,0.451,0.182,1.40626133926118e-26
"ZEB2",1.17223701238592e-93,1.56548885211037,0.908,0.432,2.66203303142718e-89
"PNPLA6",2.57027271351047e-18,1.56461580735023,0.316,0.133,5.83683230511092e-14
"NUDT16",9.4713333186373e-24,1.56451815516096,0.355,0.139,2.15084508332934e-19
"ATG7",7.51834057497977e-22,1.55555153360798,0.322,0.122,1.70733996117216e-17
"CD180",1.96901376821855e-34,1.5547609400734,0.421,0.139,4.47143336624751e-30
"SAT1",3.47943701657586e-124,1.55430489901502,0.961,0.601,7.90145352094212e-120
"OSBPL11",5.4620618463462e-27,1.5375208402834,0.414,0.165,1.24037962468676e-22
"MPDU1",1.57590022766824e-25,1.53699017989875,0.391,0.156,3.5787118270118e-21
"MT-TM",8.71379844629359e-21,1.53510705824509,0.329,0.129,1.97881648916881e-16
"TPD52L2",3.09367596880527e-23,1.53320432604613,0.349,0.133,7.02542875755989e-19
"DST",2.38350761672449e-19,1.53032481604059,0.293,0.112,5.41270744681964e-15
"DPYSL2",7.18521066049125e-33,1.51533381541157,0.497,0.206,1.63168948889096e-28
"ACTN1",5.22499654163028e-14,1.51355818121783,0.253,0.109,1.18654446463882e-09
"OTUD1",7.15613762640092e-22,1.51319881613087,0.349,0.141,1.62508729357939e-17
"RTN3",4.11208479034361e-21,1.51212684014324,0.362,0.155,9.33813335039131e-17
"ALOX5",9.72839962183853e-25,1.50958560341339,0.336,0.118,2.20922227012331e-20
"IL13RA1",4.17501967671704e-26,1.50785443789186,0.303,0.092,9.48105218385673e-22
"FRMD4B",1.43738233619432e-14,1.50584875788105,0.26,0.111,3.26415154726368e-10
"PLXNC1",8.78209959414899e-26,1.5019506084611,0.405,0.165,1.99432699683529e-21
"LGALS1",1.44845335232594e-55,1.50107330321187,0.711,0.337,3.28929271779697e-51
"RHOC",5.57940005065073e-40,1.49626413165162,0.615,0.313,1.26702595750227e-35
"SH2B3",1.63349369729347e-34,1.49606686794785,0.52,0.225,3.70950083718375e-30
"TMEM106A",3.49585038936932e-16,1.49184286279228,0.289,0.125,7.93872664921879e-12
"TSPO",3.52080870296838e-31,1.48565969159506,0.539,0.261,7.99540448357089e-27
"KIF1B",7.98140590414024e-17,1.48462539465738,0.26,0.099,1.81249746677121e-12
"MTHFD2",2.44834408736989e-19,1.48177685776229,0.342,0.147,5.55994458800828e-15
"HAVCR2",4.08890952810248e-19,1.480299341449,0.332,0.139,9.28550464736792e-15
"CORO1B",7.78644958508945e-26,1.47318145468836,0.418,0.171,1.76822483627796e-21
"IRF5",6.00998642000562e-20,1.46701146012561,0.345,0.146,1.36480781611908e-15
"C10orf54",3.15682720769154e-50,1.46518941759448,0.704,0.358,7.16883890594672e-46
"YPEL2",1.47457263104189e-23,1.46318554232521,0.401,0.169,3.34860698783304e-19
"MAP3K11",1.29276579712409e-21,1.46255763425297,0.368,0.154,2.93574184868909e-17
"CCL3",1.44728052238462e-18,1.45919749097642,0.359,0.164,3.28662933828324e-14
"FUCA2",2.57590146781389e-14,1.4558579624805,0.263,0.113,5.84961464325857e-10
"ATP6V1B2",6.86423317755064e-50,1.4529077858745,0.697,0.315,1.55879871228998e-45
"LGALS9",2.7334873225296e-79,1.45101487020502,0.859,0.437,6.20747636073247e-75
"PLEKHO1",3.90273368427808e-57,1.45062447819232,0.76,0.346,8.86271792362709e-53
"GPX1",1.98489803602027e-31,1.45013466093385,0.516,0.242,4.50750494999844e-27
"ANXA5",1.72177473327315e-79,1.44688845175345,0.849,0.456,3.90997824179001e-75
"SKAP2",9.40332324327623e-54,1.44640249412258,0.727,0.345,2.1354006753156e-49
"CSTB",1.45092294390145e-59,1.44258164455376,0.789,0.439,3.29490091330581e-55
"MAFG",1.03771172158174e-16,1.43736850101332,0.296,0.123,2.35653954853996e-12
"LTA4H",9.88430076341472e-32,1.43549014271229,0.569,0.295,2.24462586036385e-27
"NPTN",5.23747680075302e-31,1.43353158962041,0.513,0.222,1.189378606683e-26
"OGFRL1",4.79003178730962e-34,1.42785400729212,0.484,0.178,1.08776831858014e-29
"NANS",1.96420406925468e-15,1.42686558318969,0.276,0.116,4.46051102087046e-11
"TNFRSF1B",2.79074818687349e-85,1.41337718966742,0.911,0.524,6.337510057571e-81
"CD4",7.01144760804612e-65,1.41324330747252,0.826,0.345,1.59222963731119e-60
"ATP6V0B",7.13469646271481e-35,1.41269619236611,0.566,0.268,1.62021821971791e-30
"PLD3",2.72843717430599e-16,1.40677665097784,0.375,0.203,6.19600797913146e-12
"DUSP3",9.88284525570329e-18,1.40493770898015,0.263,0.096,2.24429532911766e-13
"MAPKAPK3",2.78619194771729e-22,1.40346658024036,0.424,0.2,6.32716329407118e-18
"EPB41L2",3.82650835907934e-16,1.37737794297343,0.253,0.096,8.68961783263328e-12
"RNF13",2.64532666538107e-27,1.3753001955618,0.484,0.216,6.00727232441388e-23
"RHOG",4.46166291951848e-68,1.3705647300401,0.832,0.441,1.01319903239345e-63
"TNRC18",3.961130887274e-13,1.3663185187409,0.28,0.129,8.99533213191053e-09
"ABI3",5.18833744181055e-31,1.35683376557433,0.562,0.274,1.17821954966076e-26
"SLCO3A1",3.97320876784023e-20,1.35676740599674,0.382,0.17,9.02275979088839e-16
"RNH1",2.35661122720501e-34,1.35487764172828,0.579,0.273,5.35162843585986e-30
"SRGAP2",5.97225975393458e-13,1.35310291328469,0.253,0.111,1.356240467521e-08
"MT2A",6.68513014672023e-35,1.35056085853941,0.645,0.357,1.5181262050187e-30
"STX12",1.15258798408985e-20,1.3504834164623,0.421,0.203,2.61741205306963e-16
"SNX18",6.23962441583377e-22,1.33741245835599,0.434,0.207,1.41695630859169e-17
"SLC35F6",6.39854957694077e-15,1.33529941666369,0.276,0.116,1.45304662342748e-10
"FTL",1.2745621460353e-130,1.32980467770991,0.99,0.762,2.89440317743157e-126
"NAAA",6.31414564666046e-28,1.32933525037964,0.543,0.268,1.43387933490012e-23
"ARID3A",3.27706928729982e-17,1.32789568296021,0.375,0.182,7.44189664452916e-13
"GCA",1.55260087209202e-19,1.32252485612309,0.336,0.135,3.52580132043377e-15
"ARRB2",1.06278268998139e-54,1.32217594136067,0.776,0.406,2.41347321067873e-50
"EPN1",1.23321764289399e-14,1.32124435934321,0.309,0.142,2.80051394524796e-10
"FGR",7.88659576047655e-41,1.32103085670798,0.681,0.361,1.79096703124662e-36
"IFIT3",2.91744598840731e-37,1.31962307785332,0.592,0.261,6.62522809507416e-33
"INSIG1",4.10130420064737e-16,1.31871974793145,0.382,0.2,9.31365170925011e-12
"TMEM127",6.52789110473392e-20,1.31581565412002,0.414,0.197,1.48241879097403e-15
"FAM46A",1.46892895389186e-26,1.31387192201836,0.484,0.215,3.33579076139301e-22
"PGD",2.6205710974396e-10,1.30952424298082,0.25,0.125,5.95105490517559e-06
"PEA15",1.99600181025722e-23,1.3092243957857,0.477,0.229,4.53272051091313e-19
"TCIRG1",9.24658559120299e-20,1.29512204879728,0.421,0.208,2.09980712190629e-15
"GOLIM4",4.26857991103469e-13,1.2946084439324,0.299,0.145,9.69351811996868e-09
"MEF2C",2.12876078495522e-31,1.29226288830093,0.533,0.224,4.8342028665548e-27
"CTSD",1.13125149673255e-49,1.28452812395052,0.783,0.491,2.56895902392994e-45
"PPT1",2.48917501963738e-43,1.28252433548716,0.697,0.372,5.65266755209453e-39
"DIAPH2",3.15284891384484e-20,1.28145025323447,0.428,0.205,7.15980459845024e-16
"CTBP2",2.23551334882539e-19,1.2805618365152,0.378,0.17,5.07662726384758e-15
"STK40",2.87491083255261e-15,1.27648182678339,0.352,0.174,6.52863500964372e-11
"CXorf21",5.89406272111033e-15,1.27366087800123,0.312,0.144,1.33848270333694e-10
"RCOR1",2.42048560002681e-13,1.26884582165573,0.299,0.142,5.49668074910088e-09
"UBAC1",8.8689972414211e-13,1.26814970221553,0.276,0.127,2.01406058355432e-08
"AP2S1",2.47133585600392e-20,1.26647395443977,0.484,0.267,5.61215659539931e-16
"DOK2",5.44895515374353e-25,1.26401889418041,0.516,0.259,1.23740322586362e-20
"PDLIM5",9.50824417030759e-21,1.26049162709518,0.441,0.217,2.15922716863515e-16
"SNX10",1.1481094459063e-24,1.25747799968006,0.507,0.243,2.60724174070862e-20
"FBP1",2.49476272915867e-17,1.25560916871838,0.276,0.105,5.66535668164642e-13
"MFSD12",2.09827955161488e-14,1.25557157045982,0.296,0.132,4.76498303376223e-10
"PELI1",2.74341711421931e-15,1.25451436286473,0.319,0.145,6.23002592468062e-11
"FKBP1A",1.8728604404842e-53,1.25309841987558,0.806,0.481,4.25307877429558e-49
"ABHD12",3.78899282275908e-12,1.24951431504714,0.26,0.118,8.60442380120359e-08
"CECR1",2.25861309457986e-55,1.23895377163644,0.799,0.465,5.12908447648141e-51
"SH3BP2",2.0694421511203e-22,1.23811185157762,0.516,0.279,4.69949618097908e-18
"ATP1B1",4.22950536241557e-22,1.23750955570057,0.414,0.18,9.60478372750952e-18
"HLA-DRA",1.68924423252749e-70,1.22460222610611,0.964,0.522,3.83610472764667e-66
"ZYX",1.16841319223611e-63,1.22011126762541,0.855,0.506,2.65334951824898e-59
"RHOQ",2.02436279051667e-17,1.2147482993997,0.378,0.176,4.59712546098431e-13
"DDAH2",1.37170224509552e-15,1.20777005714573,0.378,0.188,3.11499862838742e-11
"FKBP15",4.23483575314073e-23,1.20665533455576,0.51,0.264,9.61688851180729e-19
"CTSH",3.88792827298347e-22,1.20573502047178,0.441,0.197,8.82909631511817e-18
"CLCN7",1.34065416860845e-12,1.20205808654851,0.26,0.114,3.04449155149292e-08
"MYD88",1.51424472159191e-20,1.20038893669127,0.49,0.273,3.43869833826307e-16
"AP2A1",1.52262943600249e-10,1.19976414172491,0.276,0.142,3.45773918621806e-06
"HLA-DRB1",5.81083576934743e-61,1.19756677994006,0.901,0.516,1.31958269486111e-56
"PRCP",3.53654297132012e-14,1.19733453029365,0.365,0.188,8.03113543357087e-10
"TNFRSF1A",3.0892516609058e-18,1.1957088970251,0.408,0.196,7.01538159675098e-14
"ACOT9",2.28291760336079e-12,1.1956455979226,0.273,0.125,5.18427758547201e-08
"SYNGR2",1.40771949330168e-31,1.19422755836372,0.635,0.331,3.19679019733879e-27
"GBAS",1.20951405831054e-14,1.18443144178244,0.372,0.193,2.7466854750174e-10
"GNAQ",2.45068041750807e-18,1.18285265682711,0.388,0.175,5.56525016011907e-14
"COMT",1.18780029216291e-15,1.16715970064358,0.424,0.236,2.69737568347276e-11
"PAPSS1",8.51594521140819e-11,1.16388579199064,0.263,0.127,1.93388599805869e-06
"YWHAH",9.51305485157609e-18,1.16171019876964,0.457,0.249,2.16031962624441e-13
"DPYD",2.13130226260369e-15,1.16125932062797,0.336,0.153,4.83997430814672e-11
"LPAR6",1.82489205663952e-18,1.15924997150392,0.457,0.242,4.14414737142269e-14
"NUMB",2.28863978126471e-21,1.15907407553274,0.51,0.272,5.19727207927403e-17
"FAM65A",6.54110457418466e-13,1.15831948479868,0.316,0.156,1.4854194377516e-08
"CMTM6",2.89510598237683e-47,1.15720448450921,0.793,0.513,6.57449617537954e-43
"ZFAND5",3.01621348346663e-34,1.15687900872101,0.688,0.433,6.84951919960436e-30
"CEP170",3.66784086414328e-11,1.15670096119061,0.253,0.116,8.32929981838297e-07
"PLIN2",5.28191461189916e-17,1.1526860832044,0.424,0.221,1.19946998921618e-12
"MGAT1",3.43218408662289e-33,1.15180688310188,0.691,0.408,7.79414684231192e-29
"DNASE1L1",1.19235169228197e-09,1.1494385816646,0.25,0.126,2.70771145800312e-05
"RIN3",4.50471353621495e-17,1.14683755009843,0.388,0.185,1.02297539693905e-12
"CASP1",4.00888731328166e-21,1.14611631089983,0.53,0.292,9.10378219973132e-17
"MEGF9",2.97535244794248e-10,1.14567102867137,0.28,0.144,6.75672787403259e-06
"RNPEP",1.81102662399712e-10,1.14525276042325,0.257,0.124,4.11266036043506e-06
"GNPDA1",2.04831299599017e-12,1.13980731177529,0.286,0.133,4.65151398259408e-08
"DNASE2",4.84234965350104e-10,1.13858694236785,0.299,0.164,1.09964918281355e-05
"FTH1",2.63086058016643e-134,1.13456224906041,0.997,0.863,5.97442129149995e-130
"CEPT1",2.59269989555756e-13,1.13168051480407,0.332,0.163,5.88776219282167e-09
"RAB10",3.65955294553703e-27,1.1309838392999,0.609,0.35,8.31047878402005e-23
"ATP6AP1",1.86930035932111e-23,1.12869763859037,0.569,0.323,4.24499418598231e-19
"RP11-115H15.2",4.79421730274364e-11,1.12801582669971,0.266,0.127,1.08871880728005e-06
"CTSA",5.80526719724142e-20,1.12446397679993,0.507,0.28,1.31831812782155e-15
"YBX1",1.77509982223452e-30,1.12381884580086,0.648,0.406,4.03107418631236e-26
"UBASH3B",8.86516797108396e-10,1.12185947225,0.283,0.15,2.01319099455346e-05
"ICAM2",2.65614835829732e-16,1.12076275988841,0.434,0.233,6.03184730685739e-12
"SGPL1",7.06758779414376e-10,1.11727622741093,0.263,0.133,1.60497851217211e-05
"ZMIZ1",8.96592774589947e-14,1.11638815810481,0.378,0.203,2.03607253181631e-09
"KLF3",2.83809858757243e-22,1.11124356204407,0.539,0.284,6.44503808251823e-18
"GNB2",6.36196602094711e-24,1.10662175881203,0.595,0.348,1.44473886369688e-19
"ATP1B3",3.64374256268296e-31,1.1038361707763,0.678,0.416,8.27457498559672e-27
"KDM6B",1.45944664659087e-13,1.10303196344241,0.359,0.183,3.3142573897432e-09
"PLCB2",2.53067316978874e-23,1.10165204883972,0.579,0.326,5.74690570127325e-19
"SCRN1",8.27177635676058e-12,1.10091285652233,0.306,0.152,1.87843769285676e-07
"DUSP5",4.15405711738391e-11,1.10000221572436,0.309,0.163,9.43344830786712e-07
"SSFA2",9.77593079604296e-11,1.09940275992872,0.293,0.149,2.2200161244734e-06
"IFI6",1.49724729831825e-48,1.09134963598742,0.839,0.507,3.40009888975091e-44
"H2AFY",1.16356424178704e-49,1.09116536141241,0.822,0.521,2.64233803667418e-45
"ALCAM",3.05605971681941e-09,1.09061277863798,0.293,0.163,6.94000601092519e-05
"MAP3K3",1.22547008063299e-18,1.09018220036877,0.51,0.296,2.78292000610946e-14
"WSB1",2.87518343265603e-62,1.09002737463601,0.868,0.612,6.52925405721858e-58
"ATP11A",4.96147381878364e-10,1.08801827084085,0.263,0.131,1.12670108950758e-05
"ASAP1",6.66884993102513e-23,1.08597336097295,0.53,0.268,1.5144291308365e-18
"LIMS1",1.18678198177662e-29,1.08249002405294,0.671,0.38,2.69506320241654e-25
"CTNNA1",3.019698187487e-13,1.07964879475564,0.365,0.193,6.85743261396422e-09
"NKIRAS2",7.95555120715229e-10,1.07609255870088,0.28,0.146,1.80662612363221e-05
"HSPB1",1.11780617656013e-19,1.07466524368909,0.53,0.298,2.53842604635039e-15
"SAMHD1",2.05542930001778e-69,1.07018205944722,0.924,0.619,4.66767439741039e-65
"ZBTB7B",4.52402228571795e-10,1.06794482623828,0.299,0.161,1.02736022086369e-05
"MANBA",1.56288558778122e-12,1.0663056906134,0.339,0.175,3.54915688129238e-08
"RGS19",6.42935543536892e-22,1.0599705267174,0.572,0.332,1.46004232581793e-17
"PTPRE",2.0449466869091e-25,1.05786860635,0.625,0.368,4.64386943130187e-21
"PLEKHM2",1.81936384800587e-12,1.05671880705408,0.349,0.18,4.13159336243654e-08
"CNPY3",3.8964659232514e-22,1.05532677893593,0.566,0.315,8.8484844651116e-18
"ATP6V0D1",4.34664923489123e-18,1.0510273095487,0.516,0.303,9.87080574751449e-14
"SPG21",6.66499153444918e-11,1.04953176120775,0.362,0.213,1.51355292755806e-06
"SYK",1.40880050041434e-20,1.04360357462537,0.513,0.261,3.19924505639093e-16
"RB1",1.71379246365663e-14,1.04101134256914,0.428,0.237,3.89185130571783e-10
"AP1B1",3.83887179032782e-13,1.03755772266741,0.414,0.235,8.71769394865544e-09
"MTF1",6.49165089399445e-11,1.03673733282554,0.345,0.189,1.4741890015172e-06
"RNASET2",3.04450633069403e-52,1.03655927503739,0.862,0.563,6.91376942637308e-48
"IER5",7.72033521363393e-22,1.03155144929802,0.589,0.356,1.75321092366413e-17
"GSTO1",1.58442946356151e-17,1.0313807448109,0.503,0.287,3.59808086880184e-13
"CD63",4.06683792898964e-35,1.02955541487904,0.747,0.493,9.23538225294258e-31
"GCH1",7.53076684542973e-14,1.02529175128211,0.461,0.284,1.71016184292864e-09
"PDXK",5.50779619673791e-09,1.02282529100647,0.299,0.169,0.000125076543831721
"MAP2K3",3.97930739547704e-08,1.02261054700153,0.342,0.224,0.000903660916438881
"NEU1",2.10049614198697e-07,1.02103021123007,0.299,0.184,0.00477001668883821
"HLA-DQA1",1.22294320455367e-22,1.01787491741305,0.569,0.292,2.77718172322092e-18
"NOP10",4.59615970528474e-13,1.01717030645936,0.447,0.272,1.04374190747311e-08
"IL10RB",6.32983200690467e-15,1.0170703490426,0.487,0.299,1.43744155044798e-10
"SLC12A9",2.62500857065767e-07,1.01536802891891,0.25,0.14,0.0059611319631065
"ATXN3",6.57915957918738e-09,1.0137313579582,0.306,0.174,0.000149406134883766
"BLOC1S1",2.43401658768446e-15,1.01227835620115,0.484,0.279,5.52740826897264e-11
"ATG3",1.43521090531708e-13,1.01160912784211,0.461,0.286,3.25922044488455e-09
"RRBP1",1.0120387170421e-17,1.01027774577967,0.5,0.273,2.2982387225309e-13
"VMP1",2.59025334418815e-29,1.00808821638337,0.72,0.442,5.88220631931686e-25
"YWHAG",2.09102846204717e-16,1.00589595938065,0.51,0.292,4.74851653446293e-12
"ATG16L2",1.53384687138742e-14,1.00530659268069,0.454,0.26,3.48321286023369e-10
"PRDX1",1.69702891411598e-21,1.00282165571868,0.602,0.355,3.85378296106598e-17
"TNFAIP8L2",4.41326261745849e-11,1.00186182330463,0.339,0.181,1.00220780779865e-06
"HPCAL1",2.24130107055585e-18,1.0015549320044,0.543,0.317,5.08977060112527e-14
"RREB1",3.51199444773749e-11,1.0004883289826,0.359,0.195,7.97538819136708e-07
"ANXA2",7.55515464902754e-34,1.00028258013236,0.73,0.504,1.71570006924766e-29
"ADA",5.3419769132235e-08,0.999482520137649,0.276,0.16,0.00121310953722392
"CYTH4",1.75528182606483e-22,0.999253419969603,0.622,0.386,3.98606949881063e-18
"QKI",5.08882907571752e-26,0.998158757740946,0.655,0.397,1.15562219480469e-21
"CAPZA2",9.13189587081142e-14,0.995148700637595,0.444,0.261,2.07376223330257e-09
"TPP1",4.61698066394234e-38,0.994193699721471,0.78,0.512,1.04847013897467e-33
"CACUL1",6.39908986663656e-14,0.992223112088446,0.454,0.258,1.4531693178145e-09
"CYBA",1.80111210168104e-10,0.989587800765851,0.378,0.228,4.09014547170746e-06
"PABPC4",7.42898178514695e-15,0.985785292331335,0.493,0.296,1.68704747358902e-10
"HLA-DPA1",4.11402635670995e-58,0.984380971617553,0.954,0.647,9.34254245345262e-54
"MEF2A",7.66287155563946e-18,0.984078849983635,0.52,0.296,1.74016150157016e-13
"SAMSN1",4.75831953365177e-16,0.983838761382899,0.503,0.298,1.08056678289698e-11
"SIK1",1.39632175601351e-07,0.976017368460279,0.253,0.141,0.00317090707573108
"RILPL2",2.70668650656531e-13,0.973730320117715,0.444,0.255,6.14661438775917e-09
"TRIM8",7.2248482603347e-14,0.973707298617385,0.477,0.298,1.64069079143941e-09
"SWAP70",1.97729545139107e-19,0.971500535220207,0.454,0.204,4.49024024056398e-15
"SLC12A7",5.98287833932644e-12,0.971052352052333,0.349,0.18,1.35865184207764e-07
"PFKL",1.42989819747892e-07,0.970743381952087,0.306,0.187,0.00324715581665489
"ARHGAP17",4.47121901182025e-09,0.969284050462491,0.316,0.179,0.000101536912539426
"PTPN6",5.32891920091199e-21,0.965210501821218,0.605,0.396,1.2101442613351e-16
"CARD16",4.61482255060999e-08,0.964844055484847,0.336,0.211,0.00104798005301802
"OAS3",3.9903841392082e-31,0.963110754180089,0.707,0.434,9.06176334172789e-27
"NRIP1",6.18530312993961e-14,0.962751351956644,0.398,0.206,1.40462048777799e-09
"JAK2",2.03678341139954e-10,0.961377327700988,0.372,0.217,4.62533144894721e-06
"ZFYVE16",1.77478077689752e-09,0.957138072162911,0.319,0.179,4.03034966625657e-05
"FAM126A",1.42510008908589e-07,0.957016352397555,0.26,0.146,0.00323625979230515
"VAMP3",9.77905335831354e-10,0.956954134991451,0.349,0.202,2.22072522713942e-05
"MNT",2.9335237019668e-08,0.956145213003261,0.276,0.154,0.000666173897479641
"HLA-DMB",5.91372874492035e-14,0.954250737875916,0.424,0.23,1.34294866068396e-09
"FEZ2",2.89691094172865e-12,0.952883224316592,0.414,0.235,6.5785950575716e-08
"CLN8",3.01325280724122e-09,0.949783912403883,0.25,0.123,6.8427957999641e-05
"NCOR2",2.49095697564775e-17,0.949449972154287,0.553,0.337,5.65671419599848e-13
"PTTG1IP",7.35938059272955e-18,0.941061394972309,0.556,0.344,1.67124173880295e-13
"NBPF10",3.17387958842142e-14,0.940347225786164,0.49,0.297,7.20756315734621e-10
"M6PR",4.61230382853806e-07,0.939866311393855,0.293,0.179,0.0104740807642271
"MX2",3.02461090987969e-28,0.938915485930511,0.717,0.442,6.86858891524578e-24
"EIF2AK4",8.90439914916485e-07,0.938686351321788,0.283,0.175,0.0202210000278385
"HM13",5.07896312057885e-12,0.936983328333089,0.401,0.227,1.15338173505225e-07
"NCSTN",1.75232554317297e-09,0.936417364389512,0.345,0.204,3.9793560759915e-05
"TET2",1.46531890996718e-15,0.936216358736085,0.503,0.297,3.32759271264446e-11
"PPP4C",3.27129186964602e-08,0.935891125898275,0.312,0.185,0.000742877670677915
"OGDH",3.03331416313025e-09,0.934781065327609,0.365,0.224,6.88835313305249e-05
"MKL1",3.04024869865671e-08,0.934779344276078,0.309,0.182,0.000690410076977952
"SNX6",3.51095574347656e-14,0.932071019682563,0.493,0.296,7.97302939786093e-10
"TALDO1",1.38888731681675e-07,0.931940186160894,0.345,0.226,0.00315402420775916
"MED13L",4.65478412544219e-17,0.930756327074949,0.559,0.357,1.05705492704667e-12
"GRB2",3.51896901523398e-43,0.926906977769798,0.849,0.611,7.99122673669484e-39
"RTN4",1.67717132656207e-54,0.926831493815921,0.865,0.623,3.80868836548981e-50
"METTL7A",3.93081208838371e-18,0.923454282442122,0.553,0.319,8.92648117151057e-14
"LEPROT",4.39240440383629e-14,0.923126829612948,0.474,0.281,9.97471116067184e-10
"ISG15",1.90069624848056e-26,0.921841532705774,0.707,0.453,4.31629111067449e-22
"CD55",2.25538578496539e-11,0.920526480011863,0.418,0.253,5.12175557907791e-07
"LAMTOR2",7.76411382408205e-09,0.915494865342943,0.319,0.182,0.000176315260831079
"RAC1",8.60451703188773e-29,0.914099203109494,0.73,0.497,1.95399977277138e-24
"EFHD2",3.10369206205441e-36,0.91234321048728,0.845,0.524,7.04817430371937e-32
"NOTCH2",1.41927816168782e-09,0.911871781425243,0.375,0.236,3.22303877737688e-05
"RAP2B",2.10085989588966e-16,0.91149619701283,0.559,0.363,4.77084273757583e-12
"LYST",1.87125286699658e-23,0.909321216821967,0.697,0.477,4.24942813566252e-19
"ITPK1",7.64335235966053e-10,0.907553516645626,0.355,0.204,1.73572888735531e-05
"IFNAR1",2.92591247912966e-13,0.905971289395093,0.474,0.281,6.64445464885555e-09
"FERMT3",5.71384781916479e-12,0.901151200312467,0.49,0.324,1.29755770125413e-07
"ZNF106",5.08782856702338e-19,0.900037719575686,0.612,0.387,1.15539498928534e-14
"PTPN18",1.70276014290429e-16,0.899630632617988,0.586,0.379,3.86679800852135e-12
"TUBA1B",1.02171256736027e-39,0.899476583653722,0.832,0.607,2.32020706921845e-35
"WASF2",1.03867631006184e-24,0.899163634787327,0.697,0.459,2.35873003251944e-20
"RASSF2",1.46543592907774e-08,0.898414299803808,0.312,0.18,0.000332785845134264
"TNFSF10",1.57054999561662e-15,0.893354770378351,0.553,0.356,3.56656198504578e-11
"ARHGAP27",2.68003190740718e-10,0.886351150358273,0.401,0.249,6.08608445853097e-06
"HEXB",3.83785638379111e-07,0.885006312830014,0.319,0.207,0.00871538806195123
"ZDHHC7",2.11925125462436e-08,0.883115597500552,0.329,0.192,0.000481260767412645
"ARL8A",1.2931546922674e-08,0.882735393518282,0.336,0.199,0.000293662499067005
"UBE2R2",5.2585145123869e-20,0.878900197023705,0.661,0.446,1.19415606061794e-15
"GUSB",6.40938545289077e-08,0.878824247335895,0.296,0.172,0.00145550734249696
"SNAP29",1.18946604398426e-08,0.878557552572016,0.332,0.192,0.000270115843928385
"PPM1M",2.45814336476108e-06,0.877524693491655,0.283,0.178,0.0558219776703595
"VAMP5",6.81992667543032e-05,0.8732685569395,0.25,0.165,1
"SNX27",5.49140387461222e-08,0.87085687566825,0.316,0.187,0.00124704290588569
"ACSL4",2.55616042490977e-08,0.870661141324321,0.365,0.231,0.000580478470892759
"REL",4.1291159194777e-19,0.870465466737757,0.632,0.419,9.3768093415419e-15
"GLB1",1.56285269183097e-07,0.867985809296215,0.296,0.172,0.00354908217787895
"PLEC",1.03857174172892e-16,0.86763072606935,0.572,0.361,2.3584925682922e-12
"C1orf132",7.99804399137863e-10,0.86611478564645,0.345,0.193,1.81627581000217e-05
"IFIT2",1.21116574699738e-13,0.863712993221048,0.391,0.2,2.75043629485635e-09
"TUBA1A",1.79080607196045e-13,0.863031852299453,0.513,0.335,4.066741508815e-09
"NFIC",9.42702424927169e-13,0.861596585970306,0.464,0.276,2.14078293676711e-08
"RNF149",9.98339592866543e-19,0.856580851319513,0.632,0.425,2.26712938144063e-14
"NFE2L1",2.62450343795171e-06,0.856529642072757,0.28,0.174,0.0595998485724453
"RBX1",4.82627126140618e-15,0.856009812456548,0.553,0.356,1.09599794075273e-10
"PDE4A",1.64266763419847e-06,0.854727970204248,0.27,0.161,0.037303339305013
"IL6R",6.09762910552039e-14,0.852390533925134,0.47,0.256,1.38471059357263e-09
"LRCH4",3.29777953463735e-05,0.852280430607213,0.283,0.193,0.748892754520795
"PSEN1",2.03355531238478e-08,0.851307902411562,0.345,0.208,0.00046180007588946
"AKIRIN2",5.66745862525797e-07,0.850503389565149,0.312,0.193,0.0128702317920983
"LAPTM4A",3.6619706022672e-17,0.849263383472804,0.599,0.379,8.31596904068859e-13
"LAMP2",7.61662426390433e-14,0.848973372099201,0.536,0.35,1.72965920409004e-09
"S100A4",9.31143045913175e-43,0.846791316049361,0.868,0.698,2.11453274296423e-38
"MBD2",3.96840345805457e-24,0.846399162276381,0.707,0.521,9.01184741289611e-20
"ARPC5",4.64913832029905e-31,0.845795503752929,0.78,0.567,1.05577282115671e-26
"CSK",8.68776048586753e-24,0.844164241933604,0.73,0.531,1.97290352873566e-19
"CREBL2",2.13480833500539e-09,0.84297942440646,0.388,0.24,4.84793624796374e-05
"SHKBP1",7.359532354631e-10,0.842173996273334,0.451,0.294,1.67127620241315e-05
"OS9",1.93587953738863e-16,0.841287804103346,0.592,0.382,4.39618884145584e-12
"CHST2",1.59049584341596e-06,0.837968755341029,0.326,0.222,0.0361185701081331
"RAB5C",2.04598466441722e-07,0.836403829298471,0.296,0.174,0.00464622657442506
"MKNK1",7.57096691052428e-08,0.835145565136993,0.332,0.205,0.00171929087571096
"PLEK",1.58524920588817e-27,0.834544625155288,0.803,0.514,3.59994242165145e-23
"RYBP",3.11428236980249e-11,0.833157892057824,0.5,0.343,7.07222383358447e-07
"RNU4ATAC",2.10238957033102e-05,0.831926418830775,0.253,0.161,0.477431647526471
"GNG5",6.95098383678853e-20,0.83023655280924,0.664,0.489,1.57849891949631e-15
"ALDOA",1.08206578266385e-17,0.824189022289282,0.648,0.468,2.45726318585135e-13
"ADRBK1",2.94941593059352e-24,0.821925191992176,0.76,0.55,6.69782863678484e-20
"OAS1",3.27580947402984e-26,0.818895520390358,0.747,0.499,7.43903573457437e-22
"PSMB3",1.19419686102579e-06,0.818002364319442,0.339,0.221,0.0271190165170347
"CNIH4",6.01009102661538e-06,0.81652096656248,0.286,0.184,0.136483157123409
"EMP3",6.76914465817054e-32,0.813410858779587,0.826,0.656,1.53720506042395e-27
"DICER1",3.40604038433752e-15,0.81323682994032,0.602,0.393,7.73477710879208e-11
"LAMTOR4",1.32569738408423e-06,0.812257158805386,0.355,0.244,0.0301052618951688
"AP2A2",2.00440632830294e-06,0.808542368829156,0.319,0.211,0.0455180633094314
"PRELID1",2.62681495198638e-06,0.80729437219846,0.339,0.232,0.0596523407446586
"ADAM17",1.87708778714392e-10,0.804849244477484,0.47,0.311,4.26267865582513e-06
"HVCN1",4.20271042573792e-11,0.803075050111756,0.352,0.183,9.54393510580825e-07
"LY6E",2.97459922232173e-40,0.801923735373769,0.891,0.678,6.75501737397041e-36
"GPR155",1.93456404302871e-08,0.799539239227762,0.342,0.205,0.000439320148531391
"S100A6",9.29017679687575e-41,0.799457495442426,0.839,0.744,2.10970624880251e-36
"SCLT1",4.48632073613802e-07,0.799424437157605,0.329,0.205,0.0101879857596958
"GSR",8.51889973511119e-06,0.798107994223702,0.336,0.236,0.19345569408464
"QSER1",3.61109591273661e-05,0.796529001880717,0.257,0.167,0.820043770823356
"ABR",4.64898696963463e-07,0.790447398128637,0.342,0.219,0.0105573845093433
"RUFY3",1.72138628685995e-07,0.7860950183959,0.332,0.204,0.00390909611883026
"ATP2B1",3.05961955051143e-19,0.784596293664712,0.707,0.505,6.94809003725642e-15
"CMTM7",6.3406206585265e-09,0.783174813056795,0.408,0.254,0.000143989154534478
"TCF12",5.07786837970739e-08,0.776651670914636,0.342,0.206,0.00115313313034775
"SPTLC2",1.23946938495307e-07,0.774480188764891,0.424,0.3,0.00281471102628994
"PPP1R9B",6.71933611865435e-10,0.77414079109756,0.454,0.287,1.52589403918522e-05
"VAV1",9.20094617131088e-11,0.774013442410995,0.461,0.289,2.08944286604299e-06
"GLIPR1",9.06993191609464e-18,0.773804811208765,0.684,0.463,2.05969083882593e-13
"MLX",1.24091878785525e-07,0.772273599807498,0.329,0.197,0.00281800247534048
"BNIP3L",6.15363101402573e-09,0.770403671055188,0.444,0.293,0.00013974280669751
"HLA-DMA",2.56005256140761e-09,0.770346816531581,0.418,0.267,5.81362336170054e-05
"ARPC4",1.18846938163901e-13,0.769132935203507,0.612,0.446,2.69889511876403e-09
"STRN4",2.27044777913616e-05,0.767113072069752,0.26,0.162,0.51559598616403
"ZCCHC6",6.75340140850052e-12,0.760523142684678,0.562,0.401,1.53362992585638e-07
"ARPC1B",9.97720443571059e-61,0.757861823335463,0.941,0.785,2.26572335530552e-56
"SNX2",9.06273080994851e-11,0.756496888073263,0.398,0.226,2.05805553963121e-06
"NCKAP1L",1.11778587986687e-14,0.756078292178081,0.618,0.419,2.53837995458967e-10
"PLSCR1",2.43535374562018e-11,0.755380259206757,0.507,0.325,5.53044482092886e-07
"DNAJB12",5.35655747239643e-05,0.752595258130154,0.257,0.165,1
"VPS35",1.78229975902224e-14,0.751328788092114,0.605,0.419,4.0474245227636e-10
"IL10RA",3.02351587817032e-14,0.750968814473731,0.618,0.433,6.86610220773699e-10
"LAMTOR3",2.24109575629696e-06,0.7492925051974,0.322,0.205,0.0508930435297476
"FAM89B",1.54844985263892e-06,0.745160096434076,0.408,0.294,0.0351637477035771
"GALC",1.4933532366746e-06,0.744076413309888,0.28,0.166,0.0339125586516435
"GCLC",8.99685130729942e-05,0.742601905691799,0.26,0.17,1
"STAT2",6.65640107011536e-08,0.742535580143657,0.408,0.279,0.0015116021190125
"LAP3",1.93612826760861e-05,0.740708391537176,0.316,0.213,0.43967536829124
"IL17RA",1.28152718720107e-10,0.740585155111362,0.487,0.315,2.91022008941492e-06
"BST2",2.64610770669506e-15,0.737880818711163,0.645,0.453,6.0090459911338e-11
"CEBPG",2.12615392413808e-05,0.73781904083861,0.263,0.165,0.482828294632517
"TRAK1",1.84707528450954e-06,0.736072154734052,0.306,0.189,0.0419452326359273
"CD300A",3.48227393795338e-09,0.735901185092217,0.385,0.222,7.90789588569832e-05
"MGST3",7.44285525745801e-07,0.735752591260573,0.375,0.255,0.0169019800041614
"RPS27L",3.48754805396711e-09,0.734807604925239,0.497,0.346,7.9198728757539e-05
"BICD2",2.60148977367734e-09,0.733970911294442,0.47,0.314,5.90772312704388e-05
"HLA-DQB1",3.06694124541896e-15,0.733791345566343,0.589,0.343,6.96471687422192e-11
"AOAH",5.08096349356594e-08,0.733396279810111,0.385,0.243,0.00115383599975389
"AGO4",6.81277533590801e-05,0.733150866315971,0.263,0.172,1
"NCOA4",2.1449356000456e-15,0.729446042923571,0.664,0.472,4.87093425414355e-11
"HLA-DPB1",1.2847322619356e-24,0.729043716929563,0.806,0.584,2.91749849362955e-20
"PSMA4",1.44292342794865e-11,0.726542849369307,0.562,0.397,3.2767348125286e-07
"AMICA1",2.04384154685954e-07,0.726512779180689,0.306,0.176,0.00464135976876332
"MICU1",5.5748443588981e-06,0.7254731193227,0.26,0.157,0.126599140546217
"DRAP1",8.04791001035851e-12,0.72432725655726,0.592,0.432,1.82759988425231e-07
"HIGD2A",1.49260401051956e-12,0.723928513217866,0.625,0.469,3.38955444748886e-08
"CHCHD10",6.38335620256138e-08,0.722877262053811,0.401,0.26,0.00144959636003966
"DENND3",5.28546758352923e-07,0.722001341480465,0.336,0.212,0.0120027683354365
"RFX1",7.28480032674581e-05,0.721981270504072,0.25,0.161,1
"MYO9B",4.2445918959383e-12,0.719881455498083,0.582,0.397,9.63904373648628e-08
"MMP24-AS1",1.00036966305403e-06,0.719434074287714,0.342,0.219,0.022717394678294
"GNAI2",1.24421488984993e-87,0.71814356710718,0.99,0.891,2.8254875933602e-83
"WAC-AS1",5.90506919526165e-06,0.717791347756763,0.309,0.199,0.134098216355197
"S100A10",3.24590541359652e-15,0.717737329887739,0.688,0.536,7.37112660373634e-11
"ARHGAP1",1.5825570665438e-06,0.7159076377326,0.401,0.29,0.0359382884241431
"PSMC4",3.72031725387696e-06,0.715454416038872,0.332,0.216,0.084484684518292
"NDUFV3",2.95028225259459e-05,0.711228183684806,0.26,0.164,0.669979596741706
"ITGB2",1.43277538952211e-56,0.711201246624686,0.974,0.784,3.25368963206576e-52
"CBL",2.88373701152412e-07,0.709536282255473,0.428,0.297,0.00654867837947012
"BAX",0.000128010389031618,0.70900855138865,0.257,0.169,1
"IFI35",1.09487649695464e-05,0.708168113831121,0.342,0.236,0.248635503693429
"NEAT1",1.82322832762763e-78,0.707634023161077,0.984,0.9,4.14036920920959e-74
"ARPC3",1.61955044251674e-31,0.707529265872129,0.859,0.681,3.67783709991126e-27
"ALDH2",8.02615741472818e-08,0.70692200772745,0.253,0.132,0.00182266008731062
"GNPTG",7.27884948038214e-07,0.706691803238723,0.395,0.268,0.0165295392849998
"KIAA1033",7.66725716183626e-11,0.703466415615969,0.53,0.358,1.7411574288814e-06
"RAB8A",6.85476437213242e-09,0.702825760275679,0.484,0.328,0.000155664844126755
"DUSP1",2.82920535546176e-28,0.702173093066701,0.845,0.632,6.42484244171811e-24
"ME2",5.39520004017063e-05,0.701538724787697,0.289,0.193,1
"ATP6AP2",2.58827848408957e-12,0.697218290500704,0.605,0.457,5.877721609519e-08
"HOOK3",1.5325363073438e-08,0.696130630049433,0.457,0.311,0.000348023670034703
"TLE4",4.54504517178784e-09,0.695609954543428,0.507,0.36,0.00010321343080613
"EVI2B",2.02203683454374e-38,0.694432090185717,0.918,0.732,4.59184344756537e-34
"ENY2",2.04653887225225e-07,0.693901548107536,0.428,0.289,0.00464748512499763
"SP1",4.31569849120787e-06,0.683236703441911,0.408,0.288,0.0980051970368395
"DLD",0.000284837675276333,0.682997125853591,0.316,0.234,1
"SLC11A2",1.70274670140672e-05,0.679648299205553,0.26,0.16,0.386676748422453
"NUCB1",5.34198524200685e-06,0.679095481138254,0.401,0.286,0.121311142860734
"SH3BGRL",9.95940495085987e-16,0.676637013053185,0.678,0.534,2.26168127029077e-11
"ANKRD13D",4.27969567888967e-06,0.675263899432333,0.375,0.263,0.0971876091719056
"DYNC1I2",1.8957534080374e-06,0.67444986929698,0.359,0.235,0.0430506641431212
"TWF2",2.6881670928481e-06,0.67016403726767,0.405,0.287,0.0610455865114876
"RAP2C",0.00062080429554725,0.669079134697606,0.289,0.215,1
"SFMBT2",4.72362144771226e-05,0.66669680534019,0.349,0.252,1
"ZBTB7A",3.56420584130726e-23,0.664150002156251,0.845,0.698,8.09395504502465e-19
"MIDN",3.16914315980602e-12,0.662133778454331,0.648,0.517,7.19680720160349e-08
"MAP3K1",5.96417521024647e-14,0.659099560660502,0.655,0.467,1.35440454849487e-09
"AGPAT3",4.83351351224357e-07,0.656846948524994,0.424,0.291,0.0109764258349539
"OAZ1",4.27343676125603e-67,0.656807830055217,0.957,0.878,9.70454754113632e-63
"MTRNR2L12",0.000161194649762589,0.655833376083241,0.293,0.207,1
"SUMO3",6.23419113154424e-07,0.653354171768947,0.464,0.333,0.0141572246406238
"MTPN",1.15119486861714e-19,0.651162417435171,0.763,0.638,2.61424842714266e-15
"ARL8B",8.56910745318561e-06,0.651089933002435,0.421,0.31,0.194595861154392
"PARVG",7.97186460466071e-06,0.649915024568413,0.355,0.238,0.18103307330724
"ZFP36",2.65159586294831e-20,0.648653775173394,0.783,0.605,6.02150904516932e-16
"CAPNS1",2.07540802905211e-24,0.648648099744781,0.816,0.662,4.71304409317444e-20
"TMEM33",2.90691074084713e-05,0.646993371430427,0.372,0.272,0.660130360138976
"GBP2",4.75583331119637e-12,0.6468099224126,0.632,0.455,1.08000218663958e-07
"GPX4",2.81571696613554e-11,0.646771157817567,0.599,0.426,6.39421165839719e-07
"CALR",1.81282113321797e-07,0.646136481376718,0.51,0.381,0.00411673551142469
"MYO1F",4.41432446931446e-16,0.645360892148844,0.743,0.529,1.00244894373662e-11
"RHOA",4.34262642448945e-48,0.643546663134258,0.941,0.813,9.8616703473731e-44
"SCAMP2",2.45165124200739e-09,0.642860187482473,0.562,0.425,5.56745480547458e-05
"TMEM179B",1.15680247478278e-06,0.639747438982442,0.398,0.268,0.0262698273998421
"WBP1L",4.06974093318511e-06,0.639599566689671,0.375,0.253,0.0924197468517007
"SEC14L1",5.64074277424776e-06,0.639479122087887,0.378,0.257,0.128095627660392
"TSPAN14",4.68422487254018e-11,0.638905166022272,0.595,0.432,1.06374062630515e-06
"HK1",1.90667443852415e-07,0.638430708989505,0.451,0.306,0.00432986698244449
"DLGAP4",0.000696442525068866,0.638298663751158,0.26,0.183,1
"NBEAL2",0.000257682495084144,0.638235970038094,0.378,0.303,1
"DIP2B",6.18444597455733e-05,0.63636255571733,0.257,0.163,1
"TXN2",3.61120170769782e-05,0.636199845175736,0.365,0.255,0.820067795801097
"DNAJC5",6.63701787937837e-05,0.635916265927001,0.309,0.208,1
"UBE2J1",6.45935919053623e-09,0.63567243787715,0.48,0.319,0.000146685587857887
"NUP214",6.14568890172456e-05,0.635368577262862,0.362,0.259,1
"TRAPPC3",0.00103296588111144,0.63376758292572,0.257,0.182,1
"SERPINB6",9.57855400009036e-05,0.63162724839103,0.303,0.206,1
"VPS29",6.66034320455196e-07,0.631093087528424,0.464,0.338,0.0151249733832171
"USF2",1.75445484332428e-07,0.628082010011569,0.513,0.388,0.0039841915037051
"SNAP23",9.26017484852928e-06,0.627298361439654,0.391,0.281,0.210289310635251
"WAS",1.44354200291778e-16,0.626351268280076,0.73,0.543,3.27813953442599e-12
"EGR1",1.59798642329226e-05,0.624029270083495,0.362,0.252,0.362886736865438
"PPFIA1",6.91826527613066e-05,0.62383980642512,0.322,0.219,1
"SSH1",0.000121465948804161,0.622894629603278,0.309,0.214,1
"PGLS",0.000463236129904493,0.622627427136287,0.28,0.197,1
"CAPZB",3.20667986597329e-28,0.621324025733052,0.859,0.701,7.28204930763875e-24
"SUPT4H1",0.00015713510438999,0.620850445536965,0.349,0.257,1
"SLFN11",7.04256259297944e-05,0.620185743556972,0.253,0.159,1
"KDELR1",1.31442227873636e-07,0.620180620518466,0.467,0.317,0.0029849215527824
"ATP6V1F",6.85416132764115e-05,0.618795128740432,0.395,0.306,1
"ERGIC1",0.00023515941638722,0.617124048158721,0.332,0.238,1
"RPN1",8.60739893195199e-05,0.614740015915442,0.342,0.242,1
"CD74",7.34114059244092e-56,0.614727020770594,0.997,0.931,1.66709961713741e-51
"CHP1",0.000100619255795088,0.614174488930114,0.306,0.208,1
"KLF2",3.30762496317861e-18,0.611946003443243,0.826,0.602,7.51128552888231e-14
"NAPA",1.8490785455688e-08,0.60932532924662,0.553,0.403,0.000419907246913219
"CTBS",0.00167907630851316,0.609133916343567,0.263,0.189,1
"CSRP1",0.00459101070646796,0.607077393289166,0.27,0.206,1
"SIPA1L1",0.00016349945477836,0.605755115226211,0.296,0.201,1
"EIF4E2",8.58178543374656e-05,0.604576928078972,0.385,0.286,1
"IFITM2",2.59202966704434e-42,0.604209196633666,0.961,0.854,5.886240170891e-38
"CHMP1B",1.82834708755676e-05,0.603497615957086,0.362,0.247,0.415199340113265
"TNF",0.000320659409385886,0.600937365807771,0.25,0.168,1
"IFIT1",2.27226520533998e-10,0.599937072539577,0.503,0.315,5.16008705480657e-06
"GBP1",5.69942807804349e-08,0.599310602189798,0.497,0.341,0.0012942831222429
"CTDNEP1",8.17846743668544e-05,0.596128552976838,0.431,0.329,1
"HCLS1",8.76499849584696e-31,0.593246773230399,0.908,0.744,1.99044350842189e-26
"GMFG",1.58011757607551e-14,0.592852876865997,0.743,0.609,3.58828900350988e-10
"HIATL1",0.00120413075559734,0.592449039509002,0.276,0.199,1
"FOXO3",6.66381588155018e-05,0.587737068365895,0.382,0.28,1
"UCP2",4.09938825865536e-17,0.586402200345936,0.809,0.635,9.30930079658046e-13
"RASA1",8.0028648661214e-05,0.584095134347703,0.316,0.216,1
"ADIPOR1",0.00589138705226533,0.58372529143705,0.296,0.238,1
"SSR3",2.43437582370306e-06,0.582106048826946,0.444,0.314,0.0552822405804728
"UBE2Z",0.000163072178846449,0.581629716024537,0.395,0.304,1
"TMEM219",0.000237004170935597,0.581077434595619,0.375,0.288,1
"HN1",1.42028320609574e-05,0.579842463518788,0.431,0.324,0.322532113272281
"STIP1",0.00147746332097661,0.578752827901406,0.296,0.222,1
"MICAL1",0.00271851969873868,0.578577134819463,0.263,0.195,1
"TUBGCP2",0.000766391506164425,0.578191514458328,0.289,0.208,1
"ARHGAP18",0.000698216749064398,0.575070397122716,0.336,0.26,1
"SLC3A2",0.000336976282219909,0.574689520143811,0.339,0.249,1
"AKR1A1",8.12767393610085e-07,0.571933095539742,0.434,0.299,0.0184571347414914
"ATF6",5.14694675749977e-06,0.571020682094876,0.461,0.338,0.116882013916062
"TBC1D1",8.01172854743982e-05,0.569797812598186,0.398,0.296,1
"COL4A3BP",0.000298234975381737,0.569199209693495,0.378,0.295,1
"POMP",4.21128461851105e-07,0.569063800985161,0.536,0.403,0.00956340624017675
"ETV6",4.32273361323382e-05,0.568483554217811,0.378,0.265,0.981649576229269
"BMP2K",4.73162901020506e-05,0.566664373236619,0.286,0.183,1
"PIM3",0.00863859108202979,0.564551543868079,0.27,0.211,1
"LAPTM5",1.48036537836669e-42,0.56300726844843,0.961,0.827,3.36176173773291e-38
"ZNF217",2.92739776455049e-05,0.561722551363242,0.447,0.348,0.66478275835177
"GPSM3",4.14575188347139e-05,0.55966173740398,0.454,0.35,0.941458795217517
"NSFL1C",0.00330475673361494,0.559533034785112,0.296,0.227,1
"HPS5",0.000459319223370778,0.558975670518876,0.266,0.18,1
"WWP2",0.00278822673279962,0.5555970050224,0.257,0.187,1
"FLII",0.000312675389105322,0.555101540975753,0.342,0.249,1
"CLTA",0.000193816330730492,0.554323090410972,0.382,0.286,1
"NUDT3",4.35685064417123e-09,0.554032152116951,0.602,0.44,9.89397212784844e-05
"TBCB",0.000580604304992033,0.553038762840867,0.401,0.315,1
"SRGN",7.77773924583112e-37,0.551805252223693,0.974,0.828,1.76624680533579e-32
"AKAP10",4.78408949664335e-05,0.549947915150228,0.408,0.303,1
"MYL6",7.28560929184991e-37,0.549714867950141,0.921,0.836,1.6544890140862e-32
"STX7",1.1504819832521e-08,0.548862664545714,0.556,0.382,0.000261262953576719
"HSD17B11",4.57835547386411e-05,0.548467717323538,0.391,0.276,1
"TMBIM1",3.58284433051263e-06,0.54774870813051,0.49,0.365,0.0813628119016112
"RNF181",0.000669067278749158,0.547526659211148,0.355,0.268,1
"CX3CR1",1.4800124033945e-10,0.546490342444205,0.651,0.411,3.36096016686858e-06
"CTSC",9.76810811278537e-12,0.545584883720211,0.707,0.553,2.21823967133243e-07
"BUD31",0.00344726435057018,0.543608851753584,0.336,0.267,1
"TBCA",0.000700919682137548,0.541600687103778,0.349,0.264,1
"TMEM30A",6.39018110694073e-05,0.541486451096169,0.454,0.366,1
"LAMTOR1",0.00224338926088595,0.541095200307206,0.312,0.239,1
"ATP1A1",6.30700429892708e-09,0.53860206680454,0.622,0.498,0.000143225760624335
"PQLC3",0.00376475173122359,0.538458101329202,0.283,0.212,1
"RPS6KA1",0.000373348158842127,0.538086656414689,0.388,0.304,1
"CMIP",1.16940430512283e-06,0.537943434840886,0.569,0.438,0.0265560023650343
"NT5C2",0.000529173209269428,0.53782211348476,0.372,0.285,1
"OSTF1",0.00621664127974074,0.536555303912968,0.283,0.219,1
"TMEM14C",0.000348060885224453,0.535140821372238,0.266,0.179,1
"SH3BP1",0.000341747692378514,0.53454626259833,0.405,0.318,1
"ABRACL",6.1036623645124e-07,0.533920177036242,0.553,0.437,0.0138608068635712
"HEG1",0.000815071471462241,0.533471907486983,0.336,0.25,1
"ANXA4",0.000503745538891576,0.531662633721391,0.273,0.187,1
"STX4",0.000999178330820235,0.531004859232964,0.326,0.245,1
"AMD1",0.000662008140040959,0.530476477250569,0.342,0.259,1
"GPR65",4.25542179673048e-05,0.530474405069067,0.434,0.327,0.966363735819525
"SAMD8",0.000409241761467734,0.528515331904584,0.27,0.18,1
"PANK2",0.00183171353149507,0.527534192361352,0.309,0.232,1
"NMI",0.000151635575400503,0.527530173577974,0.438,0.335,1
"CALM3",8.19017378269427e-10,0.52642819441365,0.668,0.576,1.85990656431204e-05
"TMOD3",0.000502346114490818,0.526169537773412,0.405,0.325,1
"GSTP1",1.39984790668778e-06,0.525683851114171,0.536,0.412,0.0317891461129727
"AC005154.6",0.00057627743851359,0.524930903931576,0.322,0.233,1
"SERF2",1.98803411111152e-32,0.52480738526289,0.931,0.837,4.51462666292315e-28
"DNMT3A",0.00212139618728006,0.522553504110631,0.26,0.186,1
"ORMDL2",0.00577749370582746,0.522402387948107,0.27,0.206,1
"TMEM165",1.92771874116525e-05,0.521795945089475,0.451,0.341,0.437765648931217
"ACIN1",1.03177617894453e-06,0.521578158340495,0.546,0.418,0.0234306052476513
"TPM4",9.16923732153559e-05,0.519765708741225,0.457,0.358,1
"COX6B1",4.25305566218517e-09,0.518137050557998,0.664,0.528,9.65826410325629e-05
"GGA1",0.00179520376269929,0.517962685680563,0.273,0.198,1
"CALM2",2.12298930702818e-19,0.516467340694015,0.819,0.698,4.82109641733029e-15
"TMED9",1.76705382280598e-06,0.516103854583528,0.543,0.406,0.040128025262101
"NFE2L2",2.94535745293808e-05,0.514474813777994,0.454,0.339,0.668861223987708
"RGS10",0.000184164588456887,0.514452907100156,0.395,0.298,1
"SMAP2",2.00892498022555e-10,0.512499722970494,0.707,0.558,4.5620677375942e-06
"JUNB",3.40922507874423e-20,0.51138877697553,0.888,0.755,7.74200923132028e-16
"PCYT1A",0.0017910651136275,0.510134304211194,0.339,0.262,1
"SPATS2L",0.000256188433153687,0.509668906454277,0.398,0.299,1
"SYMPK",0.00074329271810819,0.509159314138488,0.296,0.208,1
"VAMP8",3.70204767040659e-06,0.50821247124062,0.569,0.496,0.0840698005472633
"PAK2",3.08463404703702e-07,0.507981257315224,0.599,0.49,0.00700489545741637
"CHMP3",0.000157470187856459,0.507897427271316,0.411,0.307,1
"FAM91A1",0.00361145160009132,0.505927009565956,0.266,0.195,1
"FAM96A",0.000237516449655138,0.503505050469084,0.368,0.267,1
"WDR11",0.000170964669912025,0.502558283195913,0.388,0.288,1
"MTHFR",0.000395615394764198,0.501932790768519,0.332,0.241,1
"TLN1",2.1089143581643e-20,0.501841512025002,0.852,0.734,4.7891336159553e-16
"UBE2A",0.000824217245378351,0.500374431832215,0.349,0.261,1
"CSGALNACT2",0.000664793636267335,0.499730393379686,0.312,0.226,1
"CHMP2B",0.000707674636752031,0.499222846897816,0.319,0.23,1
"STAT5A",0.00487801369879213,0.496321617620327,0.309,0.239,1
"DNAJC13",0.00229812480903158,0.496171600696818,0.303,0.227,1
"SESN1",6.34374371365136e-05,0.495399409326665,0.329,0.22,1
"GANAB",0.00807426316531132,0.494514761000763,0.312,0.251,1
"ELMO2",0.00359586458576711,0.494211138506474,0.273,0.202,1
"RAB2A",1.15642510306713e-05,0.492803434804943,0.523,0.412,0.262612576655514
"ARHGAP4",0.00184298047546133,0.492323054442698,0.375,0.293,1
"GNAI3",0.000151800153333318,0.490993585963467,0.388,0.288,1
"PPP1R15A",4.40863477856323e-05,0.490148819580573,0.477,0.374,1
"CPEB4",0.000101096296780647,0.48913858374387,0.378,0.267,1
"NDUFS6",0.000849071901304812,0.488798561856883,0.441,0.354,1
"PARP14",5.0751960658498e-13,0.48871559601852,0.776,0.652,1.15252627459383e-08
"ARHGEF2",6.95864694518964e-07,0.48865113178711,0.562,0.422,0.0158023913478312
"PRNP",0.00198157174771379,0.48769374615607,0.326,0.25,1
"DDX60L",1.96789281702687e-05,0.487617376837987,0.503,0.388,0.446888779818632
"C7orf73",0.00103313297109502,0.487566333812201,0.349,0.259,1
"ACTR2",8.70549409847202e-29,0.486738340472914,0.934,0.828,1.97693065482201e-24
"NUP62",6.69805052655603e-05,0.486149231657464,0.493,0.389,1
"MAP7D1",0.0066370187926946,0.485599672925839,0.312,0.245,1
"RBPJ",1.7634521191967e-07,0.485422935011627,0.589,0.437,0.0040046234174838
"STAT6",4.66384246560846e-08,0.482642421742568,0.638,0.519,0.00105911198551502
"MAPRE1",0.00213942368450934,0.482460513760271,0.378,0.295,1
"ERP44",0.000878708205381249,0.481796220523306,0.391,0.307,1
"C6orf106",0.00839998396335684,0.479811087443668,0.329,0.266,1
"MIS18BP1",3.25634627145215e-05,0.478788031103728,0.48,0.375,0.739483674784069
"IVD",0.0106881396837305,0.477975019962154,0.322,0.265,1
"CRTAP",0.00112932588234938,0.477779785798601,0.378,0.298,1
"NAA20",0.0199053632669483,0.477322188951181,0.283,0.232,1
"EPSTI1",8.0069627509216e-10,0.476928513050866,0.694,0.541,1.81830117110679e-05
"DYNC1LI1",0.0143423792427815,0.476467395823366,0.257,0.198,1
"WIPI2",0.00414672257244743,0.475520175730841,0.388,0.318,1
"NFKBIA",7.22899138583969e-13,0.475161740709578,0.829,0.704,1.64163165381034e-08
"APC",0.000561606557399243,0.474717915781606,0.362,0.27,1
"LRRFIP2",0.000596009789754722,0.473785499085676,0.266,0.179,1
"TPM3",2.21269395457353e-14,0.472061549508192,0.78,0.691,5.02480670144102e-10
"SFT2D2",9.36944547854642e-05,0.470725166899371,0.474,0.368,1
"PPP1CB",0.000138173642280431,0.469994859992684,0.484,0.401,1
"CALU",0.003525393162463,0.469686580018832,0.257,0.186,1
"CAP1",5.71843575593124e-29,0.469681653347336,0.908,0.834,1.29859957581443e-24
"EXOC1",0.000797893168263457,0.469375843113539,0.391,0.293,1
"TRIM14",1.20531402742697e-06,0.469041900265107,0.582,0.449,0.0273714762488391
"IRF7",1.28551890450377e-05,0.468671083121021,0.484,0.346,0.291928488023762
"PLEKHB2",0.000324796356748992,0.468449978097095,0.474,0.384,1
"ZCCHC2",0.000259895112956323,0.467821648943643,0.428,0.322,1
"ILK",0.000669380615685784,0.466650429495952,0.349,0.255,1
"RASSF3",0.00376881269410923,0.466591878631892,0.342,0.27,1
"PRPF19",0.149217198036324,0.46654957570224,0.253,0.225,1
"PKM",2.57172261613121e-09,0.466089274461376,0.697,0.589,5.84012488897237e-05
"MSN",8.78572150906292e-20,0.465900068578722,0.882,0.788,1.9951494974931e-15
"MAF",1.5327617206675e-05,0.465489490235953,0.536,0.406,0.348074859146383
"RRAGC",0.00352461724325992,0.464443156290255,0.345,0.272,1
"CHMP4B",0.0044795791434117,0.463828901745025,0.322,0.257,1
"SERP1",2.00606052672921e-09,0.463124036553338,0.717,0.607,4.55556285014937e-05
"PRR14L",0.00147246095778831,0.462428835651076,0.372,0.283,1
"ADAM10",0.000185388518644215,0.461991918708293,0.454,0.362,1
"FKBP8",0.00662808858270689,0.459110191932546,0.339,0.272,1
"PAG1",9.08473356761911e-07,0.459037856049741,0.602,0.485,0.0206305214587062
"PIEZO1",0.0126008705518668,0.458547505955402,0.253,0.193,1
"MDM2",0.023487417554991,0.458473927359405,0.289,0.235,1
"FOS",1.78919866780743e-16,0.457991040603189,0.872,0.724,4.06309125472389e-12
"CDC42",9.98942081092468e-15,0.453970080694703,0.836,0.732,2.26849757195289e-10
"FBXO42",0.0179717623631027,0.452547974623615,0.276,0.219,1
"ARMCX3",0.0163942983735629,0.451881270577015,0.25,0.192,1
"RSRC1",0.0131926796877708,0.448764172224038,0.28,0.214,1
"CTC-241F20.3",0.000950581175223884,0.448725441445596,0.27,0.185,1
"COX17",0.000507795605232622,0.448609016716557,0.431,0.343,1
"NAP1L1",1.58022168309235e-12,0.448509853562705,0.816,0.752,3.58852542013441e-08
"DOCK2",0.000577265525411942,0.448465815175435,0.464,0.378,1
"PRR13",0.00160717399257517,0.448369058334985,0.395,0.309,1
"ZNF706",0.0194869445282478,0.448151426517252,0.293,0.234,1
"LRRFIP1",4.18381789313477e-23,0.447386082773368,0.921,0.814,9.50103205351976e-19
"VDAC1",0.00106444688850546,0.446530190731485,0.467,0.387,1
"PSMD7",0.000163147840875343,0.444652237656272,0.523,0.431,1
"ATP6V0E1",1.56645317301076e-07,0.44350069457469,0.661,0.568,0.00355725851059013
"CNDP2",2.66558033953377e-05,0.442862196662842,0.497,0.37,0.605326639304725
"FAR1",0.000498992453906723,0.442743820283445,0.405,0.308,1
"SPPL3",0.0748616682869128,0.44266504791349,0.276,0.239,1
"CD97",9.67305035148427e-08,0.441957081644407,0.671,0.556,0.00219665300431856
"GPR108",0.0214931022105626,0.439659762861909,0.286,0.23,1
"DENND4B",0.000158758573708345,0.43895002061324,0.49,0.395,1
"GDI2",8.44058425850748e-06,0.438695188475358,0.605,0.521,0.191677227926446
"HIPK3",0.000592972568879802,0.438366810814007,0.457,0.374,1
"VPS53",0.00998148195488846,0.437834309156347,0.309,0.245,1
"OXR1",0.00355229762650158,0.437822593308133,0.339,0.259,1
"COX5B",0.000395952698765651,0.435115086118163,0.503,0.429,1
"DDX27",0.00278092456822197,0.434480970743849,0.414,0.334,1
"DCTN1",0.00449234020604627,0.433421141121007,0.349,0.275,1
"CCDC12",0.0182053655526271,0.432039157673798,0.283,0.227,1
"ARHGDIA",0.000365112218067105,0.431512096455611,0.543,0.463,1
"PPP2R1A",0.0192218391389558,0.430024976806743,0.339,0.287,1
"DRAM2",0.00107231268609124,0.428651741713486,0.336,0.246,1
"MRPS5",0.011418564321851,0.427774662705997,0.306,0.246,1
"CCDC47",0.024667812382731,0.427738492487938,0.286,0.232,1
"TAOK3",2.67671716562112e-09,0.427629218243105,0.707,0.627,6.078557011409e-05
"HSPH1",8.53077755329359e-05,0.427514831577726,0.507,0.407,1
"TMEM147",0.00872441894673946,0.4247539738521,0.27,0.204,1
"SGPP1",0.0284238479474306,0.424220234055074,0.266,0.215,1
"TAOK1",8.00122101217489e-05,0.423706301777556,0.582,0.498,1
"UQCRQ",0.000355763237289704,0.423154325158097,0.474,0.369,1
"SH3BGRL3",1.85664612598968e-29,0.421902210808707,0.954,0.917,4.21625768750997e-25
"YWHAE",2.67685611907693e-06,0.421520752473329,0.615,0.515,0.060788725608118
"FAM32A",0.00740695612429687,0.420727463850979,0.362,0.297,1
"RHOT1",0.0140763623580737,0.420709694462275,0.306,0.246,1
"ST3GAL5",0.00164357697537212,0.418959433898433,0.438,0.375,1
"NFKB1",0.00661288668729374,0.418569493815269,0.411,0.346,1
"EEA1",0.0016921571657442,0.417882450013579,0.398,0.309,1
"KLF6",1.2935302730079e-27,0.417153001642455,0.967,0.883,2.93747789697365e-23
"NR1H2",0.0760610059885017,0.416035622700204,0.306,0.267,1
"KPNA4",0.00322715913121587,0.414463802204034,0.441,0.369,1
"SH2D3C",0.0137596925108585,0.414090527243104,0.368,0.324,1
"SNX17",0.00329898856016351,0.414071824215373,0.345,0.264,1
"ENO1",1.42442974312033e-11,0.410843968572856,0.793,0.697,3.23473750365195e-07
"FGD5-AS1",0.000979346895370995,0.409015876630447,0.421,0.331,1
"PROSC",0.0111091960862642,0.406619371503967,0.345,0.28,1
"PITPNA",0.0216479743226336,0.406385641159723,0.276,0.221,1
"MPC1",0.0114325230563726,0.406251572081491,0.316,0.256,1
"ANAPC11",0.0255997731373065,0.406070807897599,0.257,0.202,1
"NECAP2",0.00209636529552258,0.40496147774132,0.362,0.273,1
"GIMAP4",2.09408701310925e-06,0.402940088396894,0.684,0.543,0.0475546219806979
"AP1M1",0.00459034521503438,0.402692255431065,0.336,0.258,1
"CCT5",0.000691815847897327,0.402515474224303,0.457,0.375,1
"SQSTM1",5.98929307629039e-05,0.402160911829617,0.589,0.512,1
"ARPC2",3.39120928585598e-38,0.401327641236153,0.99,0.942,7.70109716725034e-34
"SLIRP",0.0197858934573866,0.401257436880866,0.276,0.217,1
"LRPAP1",0.00569603034520629,0.399437120577628,0.382,0.307,1
"PBDC1",0.0824275996980087,0.39924988116943,0.26,0.223,1
"NDUFS2",0.0123778418830023,0.399006728039411,0.411,0.352,1
"RALBP1",0.0267224198111679,0.398795577859815,0.385,0.335,1
"SQRDL",0.0384019522594015,0.397095545137882,0.286,0.236,1
"PTPN12",0.00014868223775643,0.396247347121796,0.503,0.377,1
"SNF8",0.0295947181323711,0.395545560118218,0.319,0.262,1
"INPPL1",0.0192367551123832,0.395229175131073,0.27,0.213,1
"ACTB",3.22397950773289e-48,0.394691360680204,0.997,0.974,7.32133506411061e-44
"HDAC2",0.0135832682365913,0.394604399862032,0.372,0.305,1
"OTUB1",0.0590820081544865,0.392313929273656,0.322,0.276,1
"CYB5R4",0.0192511706571039,0.392210808587143,0.266,0.207,1
"FYB",1.48015900709886e-12,0.39174117002521,0.967,0.783,3.36129308922079e-08
"ATXN2",0.00343807994894662,0.391345222951654,0.395,0.316,1
"NDUFA6",0.0131894919970491,0.390720778260504,0.339,0.277,1
"EIF6",0.0359135532872927,0.39063434014831,0.303,0.248,1
"BLOC1S2",0.0126104181076945,0.390434314138575,0.388,0.323,1
"PHACTR2",0.00225568958823484,0.390329008196321,0.421,0.331,1
"COX8A",2.32148541414913e-05,0.390320232828923,0.655,0.582,0.527186122699126
"SNRPC",0.0125959785431865,0.387720356302092,0.336,0.269,1
"TMSB10",1.15521066326781e-25,0.387509956061849,0.967,0.921,2.62336789521488e-21
"RAB4B",0.0215619072768784,0.386568030179115,0.322,0.258,1
"IFIH1",0.00301689343512051,0.385809839767159,0.398,0.31,1
"SDCCAG8",0.0145902147238919,0.384337578834515,0.299,0.237,1
"RSU1",0.00566202671027755,0.383046188992933,0.434,0.357,1
"PFN1",2.37992671003418e-25,0.382847688201382,0.964,0.92,5.40457556581662e-21
"TTC1",0.020304247715201,0.382102746874956,0.326,0.266,1
"KHSRP",0.00260255502392768,0.380493544234968,0.461,0.371,1
"DUSP22",0.0176871812610845,0.37733962473776,0.306,0.243,1
"CNPPD1",0.0214462929921368,0.376086437862187,0.293,0.233,1
"TUBB",1.25273309319077e-05,0.375735353230325,0.658,0.599,0.284483158132692
"ITM2B",3.34466553774686e-21,0.374387161133813,0.941,0.88,7.59540096966933e-17
"PGK1",1.52307391737253e-06,0.373622268158108,0.664,0.608,0.0345874855896128
"ATP2A2",0.00941063992978786,0.373006576306922,0.365,0.288,1
"LARP1",1.91354046624997e-06,0.372573885261488,0.704,0.605,0.0434545904480705
"CLEC2B",0.00534073957733234,0.372568864781227,0.451,0.378,1
"UBE2B",8.15800239662606e-05,0.371294666180388,0.609,0.513,1
"ITFG1",0.0401564238842559,0.369834009087725,0.263,0.211,1
"IFNAR2",0.00313597872955053,0.368845086577934,0.421,0.338,1
"B4GALT1",0.022656565153845,0.368205992438325,0.362,0.301,1
"LAMP1",0.00251955553204029,0.367600918445199,0.503,0.43,1
"MTIF2",0.0245026680260552,0.366865373508308,0.263,0.206,1
"PML",0.0132212473792999,0.366665042477953,0.352,0.287,1
"OSTM1",0.00996024292204665,0.36607815068727,0.276,0.208,1
"CLIC1",1.50484565867403e-12,0.365984866344701,0.829,0.782,3.41735400628285e-08
"CHMP2A",0.0131604576912078,0.363431780992953,0.388,0.322,1
"COX7B",0.0800659892589024,0.362804783735112,0.316,0.279,1
"GATAD1",0.0142035968581767,0.361596271916441,0.303,0.239,1
"PTP4A1",0.0101006670277589,0.359777317435768,0.385,0.316,1
"AAMP",0.0214111162624389,0.359616949752432,0.309,0.249,1
"ATP5I",0.0995085487346163,0.359332417882834,0.355,0.326,1
"PSME3",0.0581002813875702,0.359275985503946,0.306,0.263,1
"PSMB2",0.0783068338781464,0.357256442999305,0.289,0.245,1
"ETF1",0.164725978551568,0.35505526103421,0.276,0.247,1
"YKT6",0.153420705199629,0.35238468650362,0.276,0.25,1
"BCAP31",0.00561963507257167,0.351717585163132,0.461,0.393,1
"EIF4A1",0.00223031417015262,0.350627261482732,0.503,0.424,1
"PTGER4",0.00208671404021415,0.350580242013221,0.421,0.325,1
"SSH2",0.0816439086509934,0.348702117712149,0.336,0.299,1
"CMPK2",0.000633047920285069,0.348692353294349,0.309,0.212,1
"MTCH1",0.0455556956370703,0.348098631242799,0.326,0.273,1
"SNRNP27",0.151831154366585,0.348069998847302,0.28,0.247,1
"ZFP36L1",3.16434567439017e-15,0.347443585177144,0.908,0.872,7.18591259197264e-11
"SMNDC1",0.0777261439317622,0.345499215354494,0.296,0.249,1
"HDLBP",0.00179455639465647,0.344832850397607,0.461,0.376,1
"ATP5H",0.00445853521163447,0.343099355149752,0.48,0.415,1
"SEC61A1",0.0343791387235769,0.341516156468192,0.382,0.327,1
"COPS7A",0.0208478402093099,0.341510096382993,0.286,0.223,1
"PUF60",0.087780739514113,0.34116402413277,0.289,0.245,1
"ARHGAP30",1.95545483235375e-06,0.340804434818016,0.747,0.656,0.0444064237879212
"FAM49B",4.36763614678643e-06,0.340521954074662,0.701,0.607,0.099184649257373
"CNP",0.029668963808702,0.340111395329726,0.289,0.23,1
"CAPZA1",6.6696386089054e-07,0.339684602978204,0.763,0.692,0.0151460823169633
"TCF25",0.000321205745567823,0.337064501320376,0.651,0.563,1
"CCNG2",0.0413408148806813,0.336929712490479,0.283,0.23,1
"SOS2",0.0404439521985732,0.336829984314308,0.306,0.255,1
"ATP5G3",0.000405856010474102,0.336596170797615,0.579,0.494,1
"BSG",0.199589877146341,0.336380761444204,0.316,0.286,1
"TRIM38",8.31162348889651e-07,0.336278112714181,0.747,0.633,0.0188748657809351
"FAM96B",0.143664886848044,0.334476621098554,0.289,0.259,1
"FNDC3B",0.0108257964170727,0.334407693488989,0.355,0.281,1
"COPA",0.00320203237442958,0.33423869652459,0.539,0.483,1
"VIM",1.40319252193446e-09,0.332945196117063,0.793,0.743,3.18650989806098e-05
"ACTR3",1.85162378505666e-08,0.332596089568195,0.796,0.728,0.000420485245348516
"ACAA1",0.0047065583726382,0.3300777059708,0.382,0.301,1
"NDUFA1",0.00275689885635367,0.32981474014139,0.592,0.52,1
"WDR43",0.0340015752272054,0.329293033198691,0.293,0.236,1
"MOV10",0.080118844196019,0.329223071472334,0.25,0.204,1
"REEP5",0.00273758604673042,0.328115842170102,0.562,0.507,1
"HNRNPAB",0.0612309979900383,0.32752264699733,0.405,0.366,1
"PATL1",0.0584939010275736,0.326976056880309,0.312,0.26,1
"LMO4",0.00226851398077753,0.326625578428673,0.503,0.404,1
"BAZ2B",0.00365378593517687,0.325236177768738,0.51,0.438,1
"CPT1A",0.0626039754183298,0.3247694521249,0.26,0.21,1
"KRAS",0.0193032597665999,0.323661306028951,0.414,0.352,1
"MR1",0.0241294992819015,0.323640190416006,0.336,0.275,1
"ARF1",1.43266976065867e-05,0.323158680868111,0.72,0.665,0.325344975947977
"ROMO1",0.109820581581264,0.321040987586896,0.349,0.314,1
"HSP90AA1",7.49756675563288e-20,0.320965733025844,0.961,0.936,1.70262243453667e-15
"GSK3A",0.15792572469043,0.32076962166587,0.289,0.26,1
"MT-RNR1",1.79820236225282e-31,0.319559855663229,1,0.987,4.08353774443993e-27
"JUND",2.13982577148510e-10,0.316661334614825,0.908,0.844,4.8593303444655e-06
"CALCOCO2",0.0290311752245939,0.3166282690207,0.375,0.316,1
"VPS28",0.0565105245422472,0.315912174091981,0.322,0.27,1
"WBP2",0.0295377293708171,0.315106016532477,0.47,0.427,1
"GPI",0.0480075168752245,0.312886294183802,0.332,0.286,1
"GNB1",8.84929948584793e-05,0.312317584148638,0.701,0.636,1
"LARP7",0.000593548262547156,0.310355807656244,0.576,0.468,1
"SZRD1",0.12870659336703,0.310043052849129,0.322,0.285,1
"NDUFB5",0.0557073030841655,0.309299010972184,0.339,0.285,1
"SERPINB1",0.0668614099632244,0.308954170221555,0.424,0.384,1
"ATP6V1A",0.0401921278977262,0.307774559589658,0.359,0.301,1
"RC3H1",0.0437081685582039,0.306667374724633,0.349,0.296,1
"DDX21",0.00126455880743727,0.30607079240103,0.615,0.544,1
"SPN",0.00197414237505474,0.305515549371218,0.618,0.601,1
"ATP13A3",0.243264356659176,0.30429677785636,0.28,0.257,1
"IRAK1",0.140062934992973,0.303943204435998,0.289,0.257,1
"CYB5R3",0.0621875560518602,0.303792482814836,0.382,0.337,1
"CELF1",1.24536572501478e-05,0.303589414964256,0.74,0.691,0.282810102493606
"EIF5A",0.144725981098609,0.30247000348081,0.322,0.288,1
"AHCYL1",0.0309977110404415,0.301938057527701,0.414,0.356,1
"FOXN3",0.00819683774025137,0.301732978863058,0.579,0.531,1
"CDC42EP3",0.0165410299535782,0.301286257053874,0.497,0.463,1
"GPCPD1",0.00931212951473821,0.301252428794577,0.474,0.398,1
"DYNLRB1",0.0150675243128155,0.300124596284044,0.52,0.463,1
"WDFY1",0.0476992415535893,0.299625712617995,0.296,0.238,1
"MIEN1",0.295100699164004,0.299594294492007,0.253,0.235,1
"PFDN5",1.15869050769299e-05,0.299475937803948,0.76,0.709,0.263127027392002
"TAF10",0.0400308680273461,0.298155244548934,0.434,0.399,1
"TLE3",0.106407893243572,0.296286964122926,0.289,0.245,1
"TMX1",0.0878093455988823,0.295908057425745,0.299,0.255,1
"MYO1G",0.114491495806157,0.295882617149918,0.408,0.4,1
"SLC25A6",1.79657294496645e-05,0.295366509507956,0.793,0.734,0.407983750072431
"RPF1",0.116714233680876,0.294753474754706,0.283,0.239,1
"PSMA7",9.12461315032851e-06,0.294350891113801,0.773,0.714,0.20721084003081
"CFL1",6.49128207450893e-26,0.294165747563754,0.99,0.966,1.47410524630023e-21
"MVP",0.201199752728597,0.293262998940114,0.312,0.288,1
"LARP4B",0.0118068627808952,0.292070154279451,0.428,0.346,1
"IRF8",0.0130243921684825,0.291378476931053,0.27,0.202,1
"TM2D1",0.109423472008287,0.290326675288796,0.27,0.227,1
"TPI1",0.0097186266022867,0.28870830877419,0.493,0.435,1
"KIAA0247",0.0586071747609237,0.28562545634122,0.375,0.322,1
"USP3",0.0244672152861393,0.285538312062097,0.451,0.387,1
"PSMF1",0.185041854106131,0.285510791842289,0.382,0.357,1
"SKIL",0.078767491725189,0.285086376532696,0.273,0.229,1
"TMSB4X",5.55350220926003e-31,0.284061461946998,0.997,0.968,1.26114481670086e-26
"DYNLL1",0.0449369351484788,0.283176733642842,0.454,0.41,1
"CLTC",0.00155307370817291,0.282450675942736,0.612,0.544,1
"HDGF",0.011768654663458,0.281586542912076,0.52,0.45,1
"SAP30BP",0.263844218906702,0.280977764499901,0.273,0.249,1
"CCT6A",0.0270416891846365,0.280095657154125,0.477,0.424,1
"RSAD2",0.00219870922943648,0.2793277635705,0.398,0.304,1
"ESF1",0.0321883125872946,0.278339353718297,0.332,0.267,1
"TSG101",0.317525730045687,0.277762153084748,0.26,0.238,1
"NDFIP1",0.026322015666507,0.277472090595441,0.48,0.446,1
"CANX",0.00156640585119648,0.277064028027372,0.641,0.576,1
"SLC1A5",0.0444550306705525,0.276961825241565,0.312,0.256,1
"PARP9",0.000748591533520328,0.27680295815779,0.671,0.588,1
"SEPW1",0.0772222999325278,0.276461321156503,0.428,0.384,1
"TOR1AIP2",0.128587361537035,0.276292889964595,0.283,0.243,1
"TXNDC12",0.0548791762750311,0.275025926180056,0.362,0.312,1
"LCP1",2.16868098978779e-14,0.274563361407655,0.961,0.899,4.92485765970909e-10
"CYC1",0.0443255802638879,0.274433514089076,0.322,0.263,1
"SHOC2",0.0615468363626078,0.274125075730981,0.365,0.316,1
"MT-ATP8",1.70401505465115e-21,0.272474372938832,0.997,0.984,3.8696477876073e-17
"SDHB",0.0237423152180574,0.272280365252441,0.395,0.323,1
"TCF4",6.39165280377079e-05,0.272008206953226,0.395,0.257,1
"MARK2",0.18537735822906,0.271029213803597,0.329,0.292,1
"DNAJA1",0.0047143255091105,0.27035132169915,0.599,0.541,1
"IQGAP1",4.664064844471e-08,0.269399207593245,0.865,0.792,0.00105916248553092
"SH3GLB1",0.120109656084085,0.269311720725275,0.457,0.439,1
"AGFG1",0.0572030796443418,0.268603288420925,0.398,0.347,1
"IRF2",0.103336788465086,0.267584178656691,0.375,0.346,1
"CSNK2B",0.0157365644434681,0.266565881054913,0.546,0.485,1
"BAG6",0.215810103724895,0.265576193203929,0.319,0.29,1
"NABP1",0.0216951345941147,0.265530011451308,0.451,0.381,1
"RAP2A",0.0214728918027603,0.265007378953835,0.293,0.225,1
"HIF1A",0.0566563502706868,0.264502901823075,0.401,0.346,1
"TBC1D9B",0.0442422936491803,0.262967139024007,0.273,0.218,1
"PTMA",6.24106946630328e-14,0.261355173294417,0.97,0.942,1.41728446510281e-09
"LMAN2",0.0323878955444211,0.261010756805249,0.457,0.404,1
"PDCD6IP",0.0124113808665222,0.260280200206176,0.536,0.49,1
"TSPAN3",0.0874244752152484,0.259706934407742,0.276,0.23,1
"ATP5J2",0.0125867617745507,0.259374430442546,0.536,0.488,1
"SRRM2",4.89694062310481e-08,0.258594341566626,0.852,0.798,0.00111204624610087
"GSAP",0.0517177094884907,0.257425245724617,0.332,0.276,1
"MED29",0.218328135711958,0.256815455732239,0.253,0.221,1
"ATP5E",3.11331562868625e-11,0.256687429509249,0.921,0.909,7.0700284611836e-07
"SEC11A",0.0511807287705127,0.25515326505808,0.461,0.41,1
"TADA3",0.155734561331357,0.253669692651347,0.349,0.313,1
"CD81",0.00225925094938589,0.253388401227705,0.661,0.676,1
"PAPD4",0.101320241923027,0.253306806524437,0.336,0.298,1
"RHBDF2",0.0107223061471979,0.253124720864472,0.345,0.267,1
"UBE2L6",0.042031370785571,0.252684518438277,0.539,0.491,1
"PSMD1",0.103555375283113,0.25033775535168,0.365,0.328,1
"SPAG9",0.0625806521685458,0.250282243117348,0.359,0.301,1
"MED4",0.374136136272893,0.250166069788388,0.283,0.263,1
